grid_id,no2_mol_m2,date,level
GRID_0000,3e-05,2026-07-09,Low
GRID_0001,3e-05,2026-07-09,Low
GRID_0002,3e-05,2026-07-09,Low
GRID_0003,3e-05,2026-07-09,Low
GRID_0004,3e-05,2026-07-09,Low
GRID_0005,3e-05,2026-07-09,Low
GRID_0006,3e-05,2026-07-09,Low
GRID_0007,3e-05,2026-07-09,Low
GRID_0008,3e-05,2026-07-09,Low
GRID_0009,3e-05,2026-07-09,Low
GRID_0010,3e-05,2026-07-09,Low
GRID_0011,3e-05,2026-07-09,Low
GRID_0012,3e-05,2026-07-09,Low
GRID_0013,3e-05,2026-07-09,Low
GRID_0014,3e-05,2026-07-09,Low
GRID_0015,3e-05,2026-07-09,Low
GRID_0016,3e-05,2026-07-09,Low
GRID_0017,3e-05,2026-07-09,Low
GRID_0018,3e-05,2026-07-09,Low
GRID_0019,3e-05,2026-07-09,Low
GRID_0020,3e-05,2026-07-09,Low
GRID_0021,3e-05,2026-07-09,Low
GRID_0022,3e-05,2026-07-09,Low
GRID_0023,3e-05,2026-07-09,Low
GRID_0024,3e-05,2026-07-09,Low
GRID_0025,3e-05,2026-07-09,Low
GRID_0026,3e-05,2026-07-09,Low
GRID_0027,3e-05,2026-07-09,Low
GRID_0028,3e-05,2026-07-09,Low
GRID_0029,3e-05,2026-07-09,Low
GRID_0030,3e-05,2026-07-09,Low
GRID_0031,3e-05,2026-07-09,Low
GRID_0032,3e-05,2026-07-09,Low
GRID_0033,3e-05,2026-07-09,Low
GRID_0034,3e-05,2026-07-09,Low
GRID_0035,3e-05,2026-07-09,Low
GRID_0036,3e-05,2026-07-09,Low
GRID_0037,3e-05,2026-07-09,Low
GRID_0038,3e-05,2026-07-09,Low
GRID_0039,3e-05,2026-07-09,Low
GRID_0040,3e-05,2026-07-09,Low
GRID_0041,3e-05,2026-07-09,Low
GRID_0042,9e-05,2026-07-09,Very High
GRID_0043,3e-05,2026-07-09,Low
GRID_0044,3e-05,2026-07-09,Low
GRID_0045,3e-05,2026-07-09,Low
GRID_0046,3e-05,2026-07-09,Low
GRID_0047,3e-05,2026-07-09,Low
GRID_0048,3e-05,2026-07-09,Low
GRID_0049,3e-05,2026-07-09,Low
GRID_0050,3e-05,2026-07-09,Low
GRID_0051,3e-05,2026-07-09,Low
GRID_0052,3e-05,2026-07-09,Low
GRID_0053,3e-05,2026-07-09,Low
GRID_0054,3e-05,2026-07-09,Low
GRID_0055,3e-05,2026-07-09,Low
GRID_0056,3e-05,2026-07-09,Low
GRID_0057,3e-05,2026-07-09,Low
GRID_0058,3e-05,2026-07-09,Low
GRID_0059,3e-05,2026-07-09,Low
GRID_0060,3e-05,2026-07-09,Low
GRID_0061,3e-05,2026-07-09,Low
GRID_0062,3e-05,2026-07-09,Low
GRID_0063,3e-05,2026-07-09,Low
GRID_0064,3e-05,2026-07-09,Low
GRID_0065,3e-05,2026-07-09,Low
GRID_0066,3e-05,2026-07-09,Low
GRID_0067,3e-05,2026-07-09,Low
GRID_0068,3e-05,2026-07-09,Low
GRID_0069,3e-05,2026-07-09,Low
GRID_0070,3e-05,2026-07-09,Low
GRID_0071,3e-05,2026-07-09,Low
GRID_0072,3e-05,2026-07-09,Low
GRID_0073,3e-05,2026-07-09,Low
GRID_0074,3e-05,2026-07-09,Low
GRID_0075,3e-05,2026-07-09,Low
GRID_0076,3e-05,2026-07-09,Low
GRID_0077,3e-05,2026-07-09,Low
GRID_0078,3e-05,2026-07-09,Low
GRID_0079,3e-05,2026-07-09,Low
GRID_0080,3e-05,2026-07-09,Low
GRID_0081,3e-05,2026-07-09,Low
GRID_0082,3e-05,2026-07-09,Low
GRID_0083,3e-05,2026-07-09,Low
GRID_0084,3e-05,2026-07-09,Low
GRID_0085,3e-05,2026-07-09,Low
GRID_0086,3e-05,2026-07-09,Low
GRID_0087,3e-05,2026-07-09,Low
GRID_0088,3e-05,2026-07-09,Low
GRID_0089,3e-05,2026-07-09,Low
GRID_0090,3e-05,2026-07-09,Low
GRID_0091,3e-05,2026-07-09,Low
GRID_0092,3e-05,2026-07-09,Low
GRID_0093,3e-05,2026-07-09,Low
GRID_0094,3e-05,2026-07-09,Low
GRID_0095,3e-05,2026-07-09,Low
GRID_0096,3e-05,2026-07-09,Low
GRID_0097,3e-05,2026-07-09,Low
GRID_0098,3e-05,2026-07-09,Low
GRID_0099,3e-05,2026-07-09,Low
GRID_0100,3e-05,2026-07-09,Low
GRID_0101,3e-05,2026-07-09,Low
GRID_0102,3e-05,2026-07-09,Low
GRID_0103,3e-05,2026-07-09,Low
GRID_0104,3e-05,2026-07-09,Low
GRID_0105,3e-05,2026-07-09,Low
GRID_0106,3e-05,2026-07-09,Low
GRID_0107,3e-05,2026-07-09,Low
GRID_0108,3e-05,2026-07-09,Low
GRID_0109,3e-05,2026-07-09,Low
GRID_0110,3e-05,2026-07-09,Low
GRID_0111,3e-05,2026-07-09,Low
GRID_0112,3e-05,2026-07-09,Low
GRID_0113,3e-05,2026-07-09,Low
GRID_0114,3e-05,2026-07-09,Low
GRID_0115,3e-05,2026-07-09,Low
GRID_0116,3e-05,2026-07-09,Low
GRID_0117,3e-05,2026-07-09,Low
GRID_0118,3e-05,2026-07-09,Low
GRID_0119,3e-05,2026-07-09,Low
GRID_0120,3e-05,2026-07-09,Low
GRID_0121,3e-05,2026-07-09,Low
GRID_0122,3e-05,2026-07-09,Low
GRID_0123,3e-05,2026-07-09,Low
GRID_0124,3e-05,2026-07-09,Low
GRID_0125,3e-05,2026-07-09,Low
GRID_0126,3e-05,2026-07-09,Low
GRID_0127,3e-05,2026-07-09,Low
GRID_0128,3e-05,2026-07-09,Low
GRID_0129,3e-05,2026-07-09,Low
GRID_0130,3e-05,2026-07-09,Low
GRID_0131,3e-05,2026-07-09,Low
GRID_0132,3e-05,2026-07-09,Low
GRID_0133,3e-05,2026-07-09,Low
GRID_0134,3e-05,2026-07-09,Low
GRID_0135,3e-05,2026-07-09,Low
GRID_0136,3e-05,2026-07-09,Low
GRID_0137,3e-05,2026-07-09,Low
GRID_0138,3e-05,2026-07-09,Low
GRID_0139,3e-05,2026-07-09,Low
GRID_0140,3e-05,2026-07-09,Low
GRID_0141,3e-05,2026-07-09,Low
GRID_0142,3e-05,2026-07-09,Low
GRID_0143,3e-05,2026-07-09,Low
GRID_0144,3e-05,2026-07-09,Low
GRID_0145,3e-05,2026-07-09,Low
GRID_0146,3e-05,2026-07-09,Low
GRID_0147,3e-05,2026-07-09,Low
GRID_0148,3e-05,2026-07-09,Low
GRID_0149,3e-05,2026-07-09,Low
GRID_0150,3e-05,2026-07-09,Low
GRID_0151,3e-05,2026-07-09,Low
GRID_0152,3e-05,2026-07-09,Low
GRID_0153,3e-05,2026-07-09,Low
GRID_0154,3e-05,2026-07-09,Low
GRID_0155,3e-05,2026-07-09,Low
GRID_0156,3e-05,2026-07-09,Low
GRID_0157,3e-05,2026-07-09,Low
GRID_0158,3e-05,2026-07-09,Low
GRID_0159,3e-05,2026-07-09,Low
GRID_0160,3e-05,2026-07-09,Low
GRID_0161,3e-05,2026-07-09,Low
GRID_0162,3e-05,2026-07-09,Low
GRID_0163,3e-05,2026-07-09,Low
GRID_0164,3e-05,2026-07-09,Low
GRID_0165,3e-05,2026-07-09,Low
GRID_0166,3e-05,2026-07-09,Low
GRID_0167,3e-05,2026-07-09,Low
GRID_0168,3e-05,2026-07-09,Low
GRID_0169,3e-05,2026-07-09,Low
GRID_0170,3e-05,2026-07-09,Low
GRID_0171,3e-05,2026-07-09,Low
GRID_0172,3e-05,2026-07-09,Low
GRID_0173,3e-05,2026-07-09,Low
GRID_0174,3e-05,2026-07-09,Low
GRID_0175,3e-05,2026-07-09,Low
GRID_0176,3e-05,2026-07-09,Low
GRID_0177,3e-05,2026-07-09,Low
GRID_0178,3e-05,2026-07-09,Low
GRID_0179,3e-05,2026-07-09,Low
GRID_0180,3e-05,2026-07-09,Low
GRID_0181,3e-05,2026-07-09,Low
GRID_0182,3e-05,2026-07-09,Low
GRID_0183,3e-05,2026-07-09,Low
GRID_0184,3e-05,2026-07-09,Low
GRID_0185,3e-05,2026-07-09,Low
GRID_0186,3e-05,2026-07-09,Low
GRID_0187,3e-05,2026-07-09,Low
GRID_0188,3e-05,2026-07-09,Low
GRID_0189,3e-05,2026-07-09,Low
GRID_0190,3e-05,2026-07-09,Low
GRID_0191,3e-05,2026-07-09,Low
GRID_0192,3e-05,2026-07-09,Low
GRID_0193,3e-05,2026-07-09,Low
GRID_0194,3e-05,2026-07-09,Low
GRID_0195,3e-05,2026-07-09,Low
GRID_0196,3e-05,2026-07-09,Low
GRID_0197,3e-05,2026-07-09,Low
GRID_0198,3e-05,2026-07-09,Low
GRID_0199,3e-05,2026-07-09,Low
GRID_0200,3e-05,2026-07-09,Low
GRID_0201,3e-05,2026-07-09,Low
GRID_0202,3e-05,2026-07-09,Low
GRID_0203,3e-05,2026-07-09,Low
GRID_0204,3e-05,2026-07-09,Low
GRID_0205,3e-05,2026-07-09,Low
GRID_0206,3e-05,2026-07-09,Low
GRID_0207,3e-05,2026-07-09,Low
GRID_0208,3e-05,2026-07-09,Low
GRID_0209,3e-05,2026-07-09,Low
GRID_0210,3e-05,2026-07-09,Low
GRID_0211,3e-05,2026-07-09,Low
GRID_0212,3e-05,2026-07-09,Low
GRID_0213,3e-05,2026-07-09,Low
GRID_0214,3e-05,2026-07-09,Low
GRID_0215,3e-05,2026-07-09,Low
GRID_0216,3e-05,2026-07-09,Low
GRID_0217,3e-05,2026-07-09,Low
GRID_0218,3e-05,2026-07-09,Low
GRID_0219,3e-05,2026-07-09,Low
GRID_0220,3e-05,2026-07-09,Low
GRID_0221,3e-05,2026-07-09,Low
GRID_0222,3e-05,2026-07-09,Low
GRID_0223,3e-05,2026-07-09,Low
GRID_0224,3e-05,2026-07-09,Low
GRID_0225,3e-05,2026-07-09,Low
GRID_0226,3e-05,2026-07-09,Low
GRID_0227,3e-05,2026-07-09,Low
GRID_0228,3e-05,2026-07-09,Low
GRID_0229,3e-05,2026-07-09,Low
GRID_0230,3e-05,2026-07-09,Low
GRID_0231,3e-05,2026-07-09,Low
GRID_0232,3e-05,2026-07-09,Low
GRID_0233,3e-05,2026-07-09,Low
GRID_0234,3e-05,2026-07-09,Low
GRID_0235,3e-05,2026-07-09,Low
GRID_0236,3e-05,2026-07-09,Low
GRID_0237,3e-05,2026-07-09,Low
GRID_0238,3e-05,2026-07-09,Low
GRID_0239,3e-05,2026-07-09,Low
GRID_0240,3e-05,2026-07-09,Low
GRID_0241,3e-05,2026-07-09,Low
GRID_0242,3e-05,2026-07-09,Low
GRID_0243,3e-05,2026-07-09,Low
GRID_0244,3e-05,2026-07-09,Low
GRID_0245,3e-05,2026-07-09,Low
GRID_0246,3e-05,2026-07-09,Low
GRID_0247,3e-05,2026-07-09,Low
GRID_0248,3e-05,2026-07-09,Low
GRID_0249,3e-05,2026-07-09,Low
GRID_0250,3e-05,2026-07-09,Low
GRID_0251,3e-05,2026-07-09,Low
GRID_0252,3e-05,2026-07-09,Low
GRID_0253,3e-05,2026-07-09,Low
GRID_0254,3e-05,2026-07-09,Low
GRID_0255,3e-05,2026-07-09,Low
GRID_0256,3e-05,2026-07-09,Low
GRID_0257,3e-05,2026-07-09,Low
GRID_0258,3e-05,2026-07-09,Low
GRID_0259,3e-05,2026-07-09,Low
GRID_0260,3e-05,2026-07-09,Low
GRID_0261,3e-05,2026-07-09,Low
GRID_0262,3e-05,2026-07-09,Low
GRID_0263,3e-05,2026-07-09,Low
GRID_0264,3e-05,2026-07-09,Low
GRID_0265,3e-05,2026-07-09,Low
GRID_0266,3e-05,2026-07-09,Low
GRID_0267,3e-05,2026-07-09,Low
GRID_0268,3e-05,2026-07-09,Low
GRID_0269,3e-05,2026-07-09,Low
GRID_0270,3e-05,2026-07-09,Low
GRID_0271,3e-05,2026-07-09,Low
GRID_0272,3e-05,2026-07-09,Low
GRID_0273,3e-05,2026-07-09,Low
GRID_0274,3e-05,2026-07-09,Low
GRID_0275,3e-05,2026-07-09,Low
GRID_0276,3e-05,2026-07-09,Low
GRID_0277,3e-05,2026-07-09,Low
GRID_0278,3e-05,2026-07-09,Low
GRID_0279,3e-05,2026-07-09,Low
GRID_0280,3e-05,2026-07-09,Low
GRID_0281,3e-05,2026-07-09,Low
GRID_0282,3e-05,2026-07-09,Low
GRID_0283,3e-05,2026-07-09,Low
GRID_0284,3e-05,2026-07-09,Low
GRID_0285,3e-05,2026-07-09,Low
GRID_0286,3e-05,2026-07-09,Low
GRID_0287,3e-05,2026-07-09,Low
GRID_0288,3e-05,2026-07-09,Low
GRID_0289,3e-05,2026-07-09,Low
GRID_0290,3e-05,2026-07-09,Low
GRID_0291,3e-05,2026-07-09,Low
GRID_0292,3e-05,2026-07-09,Low
GRID_0293,3e-05,2026-07-09,Low
GRID_0294,3e-05,2026-07-09,Low
GRID_0295,3e-05,2026-07-09,Low
GRID_0296,3e-05,2026-07-09,Low
GRID_0297,3e-05,2026-07-09,Low
GRID_0298,3e-05,2026-07-09,Low
GRID_0299,3e-05,2026-07-09,Low
GRID_0300,3e-05,2026-07-09,Low
GRID_0301,3e-05,2026-07-09,Low
GRID_0302,3e-05,2026-07-09,Low
GRID_0303,3e-05,2026-07-09,Low
GRID_0304,3e-05,2026-07-09,Low
GRID_0305,3e-05,2026-07-09,Low
GRID_0306,3e-05,2026-07-09,Low
GRID_0307,3e-05,2026-07-09,Low
GRID_0308,3e-05,2026-07-09,Low
GRID_0309,3e-05,2026-07-09,Low
GRID_0310,3e-05,2026-07-09,Low
GRID_0311,3e-05,2026-07-09,Low
GRID_0312,3e-05,2026-07-09,Low
GRID_0313,3e-05,2026-07-09,Low
GRID_0314,3e-05,2026-07-09,Low
GRID_0315,3e-05,2026-07-09,Low
GRID_0316,3e-05,2026-07-09,Low
GRID_0317,3e-05,2026-07-09,Low
GRID_0318,3e-05,2026-07-09,Low
GRID_0319,3e-05,2026-07-09,Low
GRID_0320,3e-05,2026-07-09,Low
GRID_0321,3e-05,2026-07-09,Low
GRID_0322,3e-05,2026-07-09,Low
GRID_0323,3e-05,2026-07-09,Low
GRID_0324,3e-05,2026-07-09,Low
GRID_0325,3e-05,2026-07-09,Low
GRID_0326,3e-05,2026-07-09,Low
GRID_0327,3e-05,2026-07-09,Low
GRID_0328,3e-05,2026-07-09,Low
GRID_0329,3e-05,2026-07-09,Low
GRID_0330,3e-05,2026-07-09,Low
GRID_0331,3e-05,2026-07-09,Low
GRID_0332,3e-05,2026-07-09,Low
GRID_0333,3e-05,2026-07-09,Low
GRID_0334,3e-05,2026-07-09,Low
GRID_0335,3e-05,2026-07-09,Low
GRID_0336,3e-05,2026-07-09,Low
GRID_0337,3e-05,2026-07-09,Low
GRID_0338,3e-05,2026-07-09,Low
GRID_0339,3e-05,2026-07-09,Low
GRID_0340,3e-05,2026-07-09,Low
GRID_0341,3e-05,2026-07-09,Low
GRID_0342,3e-05,2026-07-09,Low
GRID_0343,3e-05,2026-07-09,Low
GRID_0344,3e-05,2026-07-09,Low
GRID_0345,3e-05,2026-07-09,Low
GRID_0346,3e-05,2026-07-09,Low
GRID_0347,3e-05,2026-07-09,Low
GRID_0348,3e-05,2026-07-09,Low
GRID_0349,3e-05,2026-07-09,Low
GRID_0350,3e-05,2026-07-09,Low
GRID_0351,3e-05,2026-07-09,Low
GRID_0352,3e-05,2026-07-09,Low
GRID_0353,3e-05,2026-07-09,Low
GRID_0354,3e-05,2026-07-09,Low
GRID_0355,3e-05,2026-07-09,Low
GRID_0356,3e-05,2026-07-09,Low
GRID_0357,3e-05,2026-07-09,Low
GRID_0358,3e-05,2026-07-09,Low
GRID_0359,3e-05,2026-07-09,Low
GRID_0360,3e-05,2026-07-09,Low
GRID_0361,3e-05,2026-07-09,Low
GRID_0362,3e-05,2026-07-09,Low
GRID_0363,3e-05,2026-07-09,Low
GRID_0364,3e-05,2026-07-09,Low
GRID_0365,3e-05,2026-07-09,Low
GRID_0366,3e-05,2026-07-09,Low
GRID_0367,3e-05,2026-07-09,Low
GRID_0368,3e-05,2026-07-09,Low
GRID_0369,3e-05,2026-07-09,Low
GRID_0370,3e-05,2026-07-09,Low
GRID_0371,3e-05,2026-07-09,Low
GRID_0372,3e-05,2026-07-09,Low
GRID_0373,3e-05,2026-07-09,Low
GRID_0374,3e-05,2026-07-09,Low
GRID_0375,3e-05,2026-07-09,Low
GRID_0376,3e-05,2026-07-09,Low
GRID_0377,3e-05,2026-07-09,Low
GRID_0378,3e-05,2026-07-09,Low
GRID_0379,3e-05,2026-07-09,Low
GRID_0380,3e-05,2026-07-09,Low
GRID_0381,3e-05,2026-07-09,Low
GRID_0382,3e-05,2026-07-09,Low
GRID_0383,3e-05,2026-07-09,Low
GRID_0384,3e-05,2026-07-09,Low
GRID_0385,3e-05,2026-07-09,Low
GRID_0386,3e-05,2026-07-09,Low
GRID_0387,3e-05,2026-07-09,Low
GRID_0388,3e-05,2026-07-09,Low
GRID_0389,3e-05,2026-07-09,Low
GRID_0390,3e-05,2026-07-09,Low
GRID_0391,3e-05,2026-07-09,Low
GRID_0392,3e-05,2026-07-09,Low
GRID_0393,3e-05,2026-07-09,Low
GRID_0394,3e-05,2026-07-09,Low
GRID_0395,3e-05,2026-07-09,Low
GRID_0396,3e-05,2026-07-09,Low
GRID_0397,3e-05,2026-07-09,Low
GRID_0398,3e-05,2026-07-09,Low
GRID_0399,3e-05,2026-07-09,Low
GRID_0400,3e-05,2026-07-09,Low
GRID_0401,3e-05,2026-07-09,Low
GRID_0402,3e-05,2026-07-09,Low
GRID_0403,3e-05,2026-07-09,Low
GRID_0404,3e-05,2026-07-09,Low
GRID_0405,3e-05,2026-07-09,Low
GRID_0406,3e-05,2026-07-09,Low
GRID_0407,3e-05,2026-07-09,Low
GRID_0408,3e-05,2026-07-09,Low
GRID_0409,3e-05,2026-07-09,Low
GRID_0410,3e-05,2026-07-09,Low
GRID_0411,3e-05,2026-07-09,Low
GRID_0412,3e-05,2026-07-09,Low
GRID_0413,3e-05,2026-07-09,Low
GRID_0414,3e-05,2026-07-09,Low
GRID_0415,3e-05,2026-07-09,Low
GRID_0416,3e-05,2026-07-09,Low
GRID_0417,3e-05,2026-07-09,Low
GRID_0418,3e-05,2026-07-09,Low
GRID_0419,3e-05,2026-07-09,Low
GRID_0420,3e-05,2026-07-09,Low
GRID_0421,3e-05,2026-07-09,Low
GRID_0422,3e-05,2026-07-09,Low
GRID_0423,3e-05,2026-07-09,Low
GRID_0424,3e-05,2026-07-09,Low
GRID_0425,3e-05,2026-07-09,Low
GRID_0426,3e-05,2026-07-09,Low
GRID_0427,3e-05,2026-07-09,Low
GRID_0428,3e-05,2026-07-09,Low
GRID_0429,3e-05,2026-07-09,Low
GRID_0430,3e-05,2026-07-09,Low
GRID_0431,3e-05,2026-07-09,Low
GRID_0432,3e-05,2026-07-09,Low
GRID_0433,3e-05,2026-07-09,Low
GRID_0434,3e-05,2026-07-09,Low
GRID_0435,3e-05,2026-07-09,Low
GRID_0436,3e-05,2026-07-09,Low
GRID_0437,3e-05,2026-07-09,Low
GRID_0438,3e-05,2026-07-09,Low
GRID_0439,3e-05,2026-07-09,Low
GRID_0440,3e-05,2026-07-09,Low
GRID_0441,3e-05,2026-07-09,Low
GRID_0442,3e-05,2026-07-09,Low
GRID_0443,3e-05,2026-07-09,Low
GRID_0444,3e-05,2026-07-09,Low
GRID_0445,3e-05,2026-07-09,Low
GRID_0446,3e-05,2026-07-09,Low
GRID_0447,3e-05,2026-07-09,Low
GRID_0448,3e-05,2026-07-09,Low
GRID_0449,3e-05,2026-07-09,Low
GRID_0450,3e-05,2026-07-09,Low
GRID_0451,3e-05,2026-07-09,Low
GRID_0452,3e-05,2026-07-09,Low
GRID_0453,3e-05,2026-07-09,Low
GRID_0454,3e-05,2026-07-09,Low
GRID_0455,3e-05,2026-07-09,Low
GRID_0456,3e-05,2026-07-09,Low
GRID_0457,3e-05,2026-07-09,Low
GRID_0458,3e-05,2026-07-09,Low
GRID_0459,3e-05,2026-07-09,Low
GRID_0460,3e-05,2026-07-09,Low
GRID_0461,3e-05,2026-07-09,Low
GRID_0462,3e-05,2026-07-09,Low
GRID_0463,3e-05,2026-07-09,Low
GRID_0464,3e-05,2026-07-09,Low
GRID_0465,3e-05,2026-07-09,Low
GRID_0466,3e-05,2026-07-09,Low
GRID_0467,3e-05,2026-07-09,Low
GRID_0468,3e-05,2026-07-09,Low
GRID_0469,3e-05,2026-07-09,Low
GRID_0470,3e-05,2026-07-09,Low
GRID_0471,3e-05,2026-07-09,Low
GRID_0472,3e-05,2026-07-09,Low
GRID_0473,3e-05,2026-07-09,Low
GRID_0474,3e-05,2026-07-09,Low
GRID_0475,3e-05,2026-07-09,Low
GRID_0476,3e-05,2026-07-09,Low
GRID_0477,3e-05,2026-07-09,Low
GRID_0478,3e-05,2026-07-09,Low
GRID_0479,3e-05,2026-07-09,Low
GRID_0480,3e-05,2026-07-09,Low
GRID_0481,3e-05,2026-07-09,Low
GRID_0482,3e-05,2026-07-09,Low
GRID_0483,3e-05,2026-07-09,Low
GRID_0484,3e-05,2026-07-09,Low
GRID_0485,3e-05,2026-07-09,Low
GRID_0486,3e-05,2026-07-09,Low
GRID_0487,3e-05,2026-07-09,Low
GRID_0488,3e-05,2026-07-09,Low
GRID_0489,3e-05,2026-07-09,Low
GRID_0490,3e-05,2026-07-09,Low
GRID_0491,3e-05,2026-07-09,Low
GRID_0492,3e-05,2026-07-09,Low
GRID_0493,3e-05,2026-07-09,Low
GRID_0494,3e-05,2026-07-09,Low
GRID_0495,3e-05,2026-07-09,Low
GRID_0496,3e-05,2026-07-09,Low
GRID_0497,3e-05,2026-07-09,Low
GRID_0498,3e-05,2026-07-09,Low
GRID_0499,3e-05,2026-07-09,Low
GRID_0500,3e-05,2026-07-09,Low
GRID_0501,3e-05,2026-07-09,Low
GRID_0502,3e-05,2026-07-09,Low
GRID_0503,3e-05,2026-07-09,Low
GRID_0504,3e-05,2026-07-09,Low
GRID_0505,3e-05,2026-07-09,Low
GRID_0506,3e-05,2026-07-09,Low
GRID_0507,3e-05,2026-07-09,Low
GRID_0508,3e-05,2026-07-09,Low
GRID_0509,3e-05,2026-07-09,Low
GRID_0510,3e-05,2026-07-09,Low
GRID_0511,3e-05,2026-07-09,Low
GRID_0512,3e-05,2026-07-09,Low
GRID_0513,3e-05,2026-07-09,Low
GRID_0514,3e-05,2026-07-09,Low
GRID_0515,3e-05,2026-07-09,Low
GRID_0516,3e-05,2026-07-09,Low
GRID_0517,3e-05,2026-07-09,Low
GRID_0518,3e-05,2026-07-09,Low
GRID_0519,3e-05,2026-07-09,Low
GRID_0520,3e-05,2026-07-09,Low
GRID_0521,3e-05,2026-07-09,Low
GRID_0522,3e-05,2026-07-09,Low
GRID_0523,3e-05,2026-07-09,Low
GRID_0524,3e-05,2026-07-09,Low
GRID_0525,3e-05,2026-07-09,Low
GRID_0526,3e-05,2026-07-09,Low
GRID_0527,3e-05,2026-07-09,Low
GRID_0528,3e-05,2026-07-09,Low
GRID_0529,3e-05,2026-07-09,Low
GRID_0530,3e-05,2026-07-09,Low
GRID_0531,3e-05,2026-07-09,Low
GRID_0532,3e-05,2026-07-09,Low
GRID_0533,3e-05,2026-07-09,Low
GRID_0534,3e-05,2026-07-09,Low
GRID_0535,3e-05,2026-07-09,Low
GRID_0536,3e-05,2026-07-09,Low
GRID_0537,3e-05,2026-07-09,Low
GRID_0538,3e-05,2026-07-09,Low
GRID_0539,3e-05,2026-07-09,Low
GRID_0540,3e-05,2026-07-09,Low
GRID_0541,3e-05,2026-07-09,Low
GRID_0542,3e-05,2026-07-09,Low
GRID_0543,3e-05,2026-07-09,Low
GRID_0544,3e-05,2026-07-09,Low
GRID_0545,3e-05,2026-07-09,Low
GRID_0546,3e-05,2026-07-09,Low
GRID_0547,3e-05,2026-07-09,Low
GRID_0548,3e-05,2026-07-09,Low
GRID_0549,3e-05,2026-07-09,Low
GRID_0550,3e-05,2026-07-09,Low
GRID_0551,3e-05,2026-07-09,Low
GRID_0552,3e-05,2026-07-09,Low
GRID_0553,3e-05,2026-07-09,Low
GRID_0554,3e-05,2026-07-09,Low
GRID_0555,3e-05,2026-07-09,Low
GRID_0556,3e-05,2026-07-09,Low
GRID_0557,3e-05,2026-07-09,Low
GRID_0558,3e-05,2026-07-09,Low
GRID_0559,3e-05,2026-07-09,Low
GRID_0560,3e-05,2026-07-09,Low
GRID_0561,3e-05,2026-07-09,Low
GRID_0562,3e-05,2026-07-09,Low
GRID_0563,3e-05,2026-07-09,Low
GRID_0564,3e-05,2026-07-09,Low
GRID_0565,3e-05,2026-07-09,Low
GRID_0566,3e-05,2026-07-09,Low
GRID_0567,3e-05,2026-07-09,Low
GRID_0568,3e-05,2026-07-09,Low
GRID_0569,3e-05,2026-07-09,Low
GRID_0570,3e-05,2026-07-09,Low
GRID_0571,3e-05,2026-07-09,Low
GRID_0572,3e-05,2026-07-09,Low
GRID_0573,3e-05,2026-07-09,Low
GRID_0574,3e-05,2026-07-09,Low
GRID_0575,3e-05,2026-07-09,Low
GRID_0576,3e-05,2026-07-09,Low
GRID_0577,3e-05,2026-07-09,Low
GRID_0578,3e-05,2026-07-09,Low
GRID_0579,3e-05,2026-07-09,Low
GRID_0580,3e-05,2026-07-09,Low
GRID_0581,3e-05,2026-07-09,Low
GRID_0582,3e-05,2026-07-09,Low
GRID_0583,3e-05,2026-07-09,Low
GRID_0584,3e-05,2026-07-09,Low
GRID_0585,3e-05,2026-07-09,Low
GRID_0586,3e-05,2026-07-09,Low
GRID_0587,3e-05,2026-07-09,Low
GRID_0588,3e-05,2026-07-09,Low
GRID_0589,3e-05,2026-07-09,Low
GRID_0590,3e-05,2026-07-09,Low
GRID_0591,3e-05,2026-07-09,Low
GRID_0592,3e-05,2026-07-09,Low
GRID_0593,3e-05,2026-07-09,Low
GRID_0594,3e-05,2026-07-09,Low
GRID_0595,3e-05,2026-07-09,Low
GRID_0596,3e-05,2026-07-09,Low
GRID_0597,3e-05,2026-07-09,Low
GRID_0598,3e-05,2026-07-09,Low
GRID_0599,3e-05,2026-07-09,Low
GRID_0600,3e-05,2026-07-09,Low
GRID_0601,3e-05,2026-07-09,Low
GRID_0602,3e-05,2026-07-09,Low
GRID_0603,3e-05,2026-07-09,Low
GRID_0604,3e-05,2026-07-09,Low
GRID_0605,3e-05,2026-07-09,Low
GRID_0606,3e-05,2026-07-09,Low
GRID_0607,3e-05,2026-07-09,Low
GRID_0608,3e-05,2026-07-09,Low
GRID_0609,3e-05,2026-07-09,Low
GRID_0610,3e-05,2026-07-09,Low
GRID_0611,3e-05,2026-07-09,Low
GRID_0612,3e-05,2026-07-09,Low
GRID_0613,3e-05,2026-07-09,Low
GRID_0614,3e-05,2026-07-09,Low
GRID_0615,3e-05,2026-07-09,Low
GRID_0616,3e-05,2026-07-09,Low
GRID_0617,3e-05,2026-07-09,Low
GRID_0618,3e-05,2026-07-09,Low
GRID_0619,3e-05,2026-07-09,Low
GRID_0620,3e-05,2026-07-09,Low
GRID_0621,3e-05,2026-07-09,Low
GRID_0622,3e-05,2026-07-09,Low
GRID_0623,3e-05,2026-07-09,Low
GRID_0624,3e-05,2026-07-09,Low
GRID_0625,3e-05,2026-07-09,Low
GRID_0626,3e-05,2026-07-09,Low
GRID_0627,3e-05,2026-07-09,Low
GRID_0628,3e-05,2026-07-09,Low
GRID_0629,3e-05,2026-07-09,Low
GRID_0630,3e-05,2026-07-09,Low
GRID_0631,3e-05,2026-07-09,Low
GRID_0632,3e-05,2026-07-09,Low
GRID_0633,3e-05,2026-07-09,Low
GRID_0634,3e-05,2026-07-09,Low
GRID_0635,3e-05,2026-07-09,Low
GRID_0636,3e-05,2026-07-09,Low
GRID_0637,3e-05,2026-07-09,Low
GRID_0638,3e-05,2026-07-09,Low
GRID_0639,3e-05,2026-07-09,Low
GRID_0640,3e-05,2026-07-09,Low
GRID_0641,3e-05,2026-07-09,Low
GRID_0642,3e-05,2026-07-09,Low
GRID_0643,3e-05,2026-07-09,Low
GRID_0644,3e-05,2026-07-09,Low
GRID_0645,3e-05,2026-07-09,Low
GRID_0646,3e-05,2026-07-09,Low
GRID_0647,3e-05,2026-07-09,Low
GRID_0648,3e-05,2026-07-09,Low
GRID_0649,3e-05,2026-07-09,Low
GRID_0650,3e-05,2026-07-09,Low
GRID_0651,3e-05,2026-07-09,Low
GRID_0652,3e-05,2026-07-09,Low
GRID_0653,3e-05,2026-07-09,Low
GRID_0654,3e-05,2026-07-09,Low
GRID_0655,3e-05,2026-07-09,Low
GRID_0656,3e-05,2026-07-09,Low
GRID_0657,3e-05,2026-07-09,Low
GRID_0658,3e-05,2026-07-09,Low
GRID_0659,3e-05,2026-07-09,Low
GRID_0660,3e-05,2026-07-09,Low
GRID_0661,3e-05,2026-07-09,Low
GRID_0662,3e-05,2026-07-09,Low
GRID_0663,3e-05,2026-07-09,Low
GRID_0664,3e-05,2026-07-09,Low
GRID_0665,3e-05,2026-07-09,Low
GRID_0666,3e-05,2026-07-09,Low
GRID_0667,3e-05,2026-07-09,Low
GRID_0668,3e-05,2026-07-09,Low
GRID_0669,3e-05,2026-07-09,Low
GRID_0670,3e-05,2026-07-09,Low
GRID_0671,3e-05,2026-07-09,Low
GRID_0672,3e-05,2026-07-09,Low
GRID_0673,3e-05,2026-07-09,Low
GRID_0674,3e-05,2026-07-09,Low
GRID_0675,3e-05,2026-07-09,Low
GRID_0676,3e-05,2026-07-09,Low
GRID_0677,3e-05,2026-07-09,Low
GRID_0678,3e-05,2026-07-09,Low
GRID_0679,3e-05,2026-07-09,Low
GRID_0680,3e-05,2026-07-09,Low
GRID_0681,3e-05,2026-07-09,Low
GRID_0682,3e-05,2026-07-09,Low
GRID_0683,3e-05,2026-07-09,Low
GRID_0684,3e-05,2026-07-09,Low
GRID_0685,3e-05,2026-07-09,Low
GRID_0686,3e-05,2026-07-09,Low
GRID_0687,3e-05,2026-07-09,Low
GRID_0688,3e-05,2026-07-09,Low
GRID_0689,3e-05,2026-07-09,Low
GRID_0690,3e-05,2026-07-09,Low
GRID_0691,3e-05,2026-07-09,Low
GRID_0692,3e-05,2026-07-09,Low
GRID_0693,3e-05,2026-07-09,Low
GRID_0694,3e-05,2026-07-09,Low
GRID_0695,3e-05,2026-07-09,Low
GRID_0696,3e-05,2026-07-09,Low
GRID_0697,3e-05,2026-07-09,Low
GRID_0698,3e-05,2026-07-09,Low
GRID_0699,3e-05,2026-07-09,Low
GRID_0700,3e-05,2026-07-09,Low
GRID_0701,3e-05,2026-07-09,Low
GRID_0702,3e-05,2026-07-09,Low
GRID_0703,3e-05,2026-07-09,Low
GRID_0704,3e-05,2026-07-09,Low
GRID_0705,3e-05,2026-07-09,Low
GRID_0706,3e-05,2026-07-09,Low
GRID_0707,3e-05,2026-07-09,Low
GRID_0708,3e-05,2026-07-09,Low
GRID_0709,3e-05,2026-07-09,Low
GRID_0710,3e-05,2026-07-09,Low
GRID_0711,3e-05,2026-07-09,Low
GRID_0712,3e-05,2026-07-09,Low
GRID_0713,3e-05,2026-07-09,Low
GRID_0714,3e-05,2026-07-09,Low
GRID_0715,3e-05,2026-07-09,Low
GRID_0716,3e-05,2026-07-09,Low
GRID_0717,3e-05,2026-07-09,Low
GRID_0718,3e-05,2026-07-09,Low
GRID_0719,3e-05,2026-07-09,Low
GRID_0720,3e-05,2026-07-09,Low
GRID_0721,3e-05,2026-07-09,Low
GRID_0722,3e-05,2026-07-09,Low
GRID_0723,3e-05,2026-07-09,Low
GRID_0724,3e-05,2026-07-09,Low
GRID_0725,3e-05,2026-07-09,Low
GRID_0726,3e-05,2026-07-09,Low
GRID_0727,3e-05,2026-07-09,Low
GRID_0728,3e-05,2026-07-09,Low
GRID_0729,3e-05,2026-07-09,Low
GRID_0730,3e-05,2026-07-09,Low
GRID_0731,3e-05,2026-07-09,Low
GRID_0732,3e-05,2026-07-09,Low
GRID_0733,3e-05,2026-07-09,Low
GRID_0734,3e-05,2026-07-09,Low
GRID_0735,3e-05,2026-07-09,Low
GRID_0736,3e-05,2026-07-09,Low
GRID_0737,3e-05,2026-07-09,Low
GRID_0738,3e-05,2026-07-09,Low
GRID_0739,3e-05,2026-07-09,Low
GRID_0740,3e-05,2026-07-09,Low
GRID_0741,3e-05,2026-07-09,Low
GRID_0742,3e-05,2026-07-09,Low
GRID_0743,3e-05,2026-07-09,Low
GRID_0744,3e-05,2026-07-09,Low
GRID_0745,3e-05,2026-07-09,Low
GRID_0746,3e-05,2026-07-09,Low
GRID_0747,3e-05,2026-07-09,Low
GRID_0748,3e-05,2026-07-09,Low
GRID_0749,3e-05,2026-07-09,Low
GRID_0750,3e-05,2026-07-09,Low
GRID_0751,3e-05,2026-07-09,Low
GRID_0752,3e-05,2026-07-09,Low
GRID_0753,3e-05,2026-07-09,Low
GRID_0754,3e-05,2026-07-09,Low
GRID_0755,3e-05,2026-07-09,Low
GRID_0756,3e-05,2026-07-09,Low
GRID_0757,3e-05,2026-07-09,Low
GRID_0758,3e-05,2026-07-09,Low
GRID_0759,3e-05,2026-07-09,Low
GRID_0760,3e-05,2026-07-09,Low
GRID_0761,3e-05,2026-07-09,Low
GRID_0762,3e-05,2026-07-09,Low
GRID_0763,3e-05,2026-07-09,Low
GRID_0764,3e-05,2026-07-09,Low
GRID_0765,3e-05,2026-07-09,Low
GRID_0766,3e-05,2026-07-09,Low
GRID_0767,3e-05,2026-07-09,Low
GRID_0768,3e-05,2026-07-09,Low
GRID_0769,3e-05,2026-07-09,Low
GRID_0770,3e-05,2026-07-09,Low
GRID_0771,3e-05,2026-07-09,Low
GRID_0772,3e-05,2026-07-09,Low
GRID_0773,3e-05,2026-07-09,Low
GRID_0774,3e-05,2026-07-09,Low
GRID_0775,3e-05,2026-07-09,Low
GRID_0776,3e-05,2026-07-09,Low
GRID_0777,3e-05,2026-07-09,Low
GRID_0778,3e-05,2026-07-09,Low
GRID_0779,3e-05,2026-07-09,Low
GRID_0780,3e-05,2026-07-09,Low
GRID_0781,3e-05,2026-07-09,Low
GRID_0782,3e-05,2026-07-09,Low
GRID_0783,3e-05,2026-07-09,Low
GRID_0784,3e-05,2026-07-09,Low
GRID_0785,3e-05,2026-07-09,Low
GRID_0786,3e-05,2026-07-09,Low
GRID_0787,3e-05,2026-07-09,Low
GRID_0788,3e-05,2026-07-09,Low
GRID_0789,3e-05,2026-07-09,Low
GRID_0790,3e-05,2026-07-09,Low
GRID_0791,3e-05,2026-07-09,Low
GRID_0792,3e-05,2026-07-09,Low
GRID_0793,3e-05,2026-07-09,Low
GRID_0794,3e-05,2026-07-09,Low
GRID_0795,3e-05,2026-07-09,Low
GRID_0796,3e-05,2026-07-09,Low
GRID_0797,3e-05,2026-07-09,Low
GRID_0798,3e-05,2026-07-09,Low
GRID_0799,3e-05,2026-07-09,Low
GRID_0800,3e-05,2026-07-09,Low
GRID_0801,3e-05,2026-07-09,Low
GRID_0802,3e-05,2026-07-09,Low
GRID_0803,3e-05,2026-07-09,Low
GRID_0804,3e-05,2026-07-09,Low
GRID_0805,3e-05,2026-07-09,Low
GRID_0806,3e-05,2026-07-09,Low
GRID_0807,3e-05,2026-07-09,Low
GRID_0808,3e-05,2026-07-09,Low
GRID_0809,3e-05,2026-07-09,Low
GRID_0810,3e-05,2026-07-09,Low
GRID_0811,3e-05,2026-07-09,Low
GRID_0812,3e-05,2026-07-09,Low
GRID_0813,3e-05,2026-07-09,Low
GRID_0814,3e-05,2026-07-09,Low
GRID_0815,3e-05,2026-07-09,Low
GRID_0816,3e-05,2026-07-09,Low
GRID_0817,3e-05,2026-07-09,Low
GRID_0818,3e-05,2026-07-09,Low
GRID_0819,3e-05,2026-07-09,Low
GRID_0820,3e-05,2026-07-09,Low
GRID_0821,3e-05,2026-07-09,Low
GRID_0822,3e-05,2026-07-09,Low
GRID_0823,3e-05,2026-07-09,Low
GRID_0824,3e-05,2026-07-09,Low
GRID_0825,3e-05,2026-07-09,Low
GRID_0826,3e-05,2026-07-09,Low
GRID_0827,3e-05,2026-07-09,Low
GRID_0828,3e-05,2026-07-09,Low
GRID_0829,3e-05,2026-07-09,Low
GRID_0830,3e-05,2026-07-09,Low
GRID_0831,3e-05,2026-07-09,Low
GRID_0832,3e-05,2026-07-09,Low
GRID_0833,3e-05,2026-07-09,Low
GRID_0834,3e-05,2026-07-09,Low
GRID_0835,3e-05,2026-07-09,Low
GRID_0836,3e-05,2026-07-09,Low
GRID_0837,3e-05,2026-07-09,Low
GRID_0838,3e-05,2026-07-09,Low
GRID_0839,3e-05,2026-07-09,Low
GRID_0840,3e-05,2026-07-09,Low
GRID_0841,3e-05,2026-07-09,Low
GRID_0842,3e-05,2026-07-09,Low
GRID_0843,3e-05,2026-07-09,Low
GRID_0844,3e-05,2026-07-09,Low
GRID_0845,3e-05,2026-07-09,Low
GRID_0846,3e-05,2026-07-09,Low
GRID_0847,3e-05,2026-07-09,Low
GRID_0848,3e-05,2026-07-09,Low
GRID_0849,3e-05,2026-07-09,Low
GRID_0850,3e-05,2026-07-09,Low
GRID_0851,3e-05,2026-07-09,Low
GRID_0852,3e-05,2026-07-09,Low
GRID_0853,3e-05,2026-07-09,Low
GRID_0854,3e-05,2026-07-09,Low
GRID_0855,3e-05,2026-07-09,Low
GRID_0856,3e-05,2026-07-09,Low
GRID_0857,3e-05,2026-07-09,Low
GRID_0858,3e-05,2026-07-09,Low
GRID_0859,3e-05,2026-07-09,Low
GRID_0860,3e-05,2026-07-09,Low
GRID_0861,3e-05,2026-07-09,Low
GRID_0862,3e-05,2026-07-09,Low
GRID_0863,3e-05,2026-07-09,Low
GRID_0864,3e-05,2026-07-09,Low
GRID_0865,3e-05,2026-07-09,Low
GRID_0866,3e-05,2026-07-09,Low
GRID_0867,3e-05,2026-07-09,Low
GRID_0868,3e-05,2026-07-09,Low
GRID_0869,3e-05,2026-07-09,Low
GRID_0870,3e-05,2026-07-09,Low
GRID_0871,3e-05,2026-07-09,Low
GRID_0872,3e-05,2026-07-09,Low
GRID_0873,3e-05,2026-07-09,Low
GRID_0874,3e-05,2026-07-09,Low
GRID_0875,3e-05,2026-07-09,Low
GRID_0876,3e-05,2026-07-09,Low
GRID_0877,3e-05,2026-07-09,Low
GRID_0878,3e-05,2026-07-09,Low
GRID_0879,3e-05,2026-07-09,Low
GRID_0880,3e-05,2026-07-09,Low
GRID_0881,3e-05,2026-07-09,Low
GRID_0882,3e-05,2026-07-09,Low
GRID_0883,3e-05,2026-07-09,Low
GRID_0884,3e-05,2026-07-09,Low
GRID_0885,3e-05,2026-07-09,Low
GRID_0886,3e-05,2026-07-09,Low
GRID_0887,3e-05,2026-07-09,Low
GRID_0888,3e-05,2026-07-09,Low
GRID_0889,3e-05,2026-07-09,Low
GRID_0890,3e-05,2026-07-09,Low
GRID_0891,3e-05,2026-07-09,Low
GRID_0892,3e-05,2026-07-09,Low
GRID_0893,3e-05,2026-07-09,Low
GRID_0894,3e-05,2026-07-09,Low
GRID_0895,3e-05,2026-07-09,Low
GRID_0896,3e-05,2026-07-09,Low
GRID_0897,3e-05,2026-07-09,Low
GRID_0898,3e-05,2026-07-09,Low
GRID_0899,3e-05,2026-07-09,Low
GRID_0900,3e-05,2026-07-09,Low
GRID_0901,3e-05,2026-07-09,Low
GRID_0902,3e-05,2026-07-09,Low
GRID_0903,3e-05,2026-07-09,Low
GRID_0904,3e-05,2026-07-09,Low
GRID_0905,3e-05,2026-07-09,Low
GRID_0906,3e-05,2026-07-09,Low
GRID_0907,3e-05,2026-07-09,Low
GRID_0908,3e-05,2026-07-09,Low
GRID_0909,3e-05,2026-07-09,Low
GRID_0910,3e-05,2026-07-09,Low
GRID_0911,3e-05,2026-07-09,Low
GRID_0912,3e-05,2026-07-09,Low
GRID_0913,3e-05,2026-07-09,Low
GRID_0914,3e-05,2026-07-09,Low
GRID_0915,3e-05,2026-07-09,Low
GRID_0916,3e-05,2026-07-09,Low
GRID_0917,3e-05,2026-07-09,Low
GRID_0918,3e-05,2026-07-09,Low
GRID_0919,3e-05,2026-07-09,Low
GRID_0920,3e-05,2026-07-09,Low
GRID_0921,3e-05,2026-07-09,Low
GRID_0922,3e-05,2026-07-09,Low
GRID_0923,3e-05,2026-07-09,Low
GRID_0924,3e-05,2026-07-09,Low
GRID_0925,3e-05,2026-07-09,Low
GRID_0926,3e-05,2026-07-09,Low
GRID_0927,3e-05,2026-07-09,Low
GRID_0928,3e-05,2026-07-09,Low
GRID_0929,3e-05,2026-07-09,Low
GRID_0930,3e-05,2026-07-09,Low
GRID_0931,3e-05,2026-07-09,Low
GRID_0932,3e-05,2026-07-09,Low
GRID_0933,3e-05,2026-07-09,Low
GRID_0934,3e-05,2026-07-09,Low
GRID_0935,3e-05,2026-07-09,Low
GRID_0936,3e-05,2026-07-09,Low
GRID_0937,3e-05,2026-07-09,Low
GRID_0938,3e-05,2026-07-09,Low
GRID_0939,3e-05,2026-07-09,Low
GRID_0940,3e-05,2026-07-09,Low
GRID_0941,3e-05,2026-07-09,Low
GRID_0942,3e-05,2026-07-09,Low
GRID_0943,3e-05,2026-07-09,Low
GRID_0944,3e-05,2026-07-09,Low
GRID_0945,3e-05,2026-07-09,Low
GRID_0946,3e-05,2026-07-09,Low
GRID_0947,3e-05,2026-07-09,Low
GRID_0948,3e-05,2026-07-09,Low
GRID_0949,3e-05,2026-07-09,Low
GRID_0950,3e-05,2026-07-09,Low
GRID_0951,3e-05,2026-07-09,Low
GRID_0952,3e-05,2026-07-09,Low
GRID_0953,3e-05,2026-07-09,Low
GRID_0954,3e-05,2026-07-09,Low
GRID_0955,3e-05,2026-07-09,Low
GRID_0956,3e-05,2026-07-09,Low
GRID_0957,3e-05,2026-07-09,Low
GRID_0958,3e-05,2026-07-09,Low
GRID_0959,3e-05,2026-07-09,Low
GRID_0960,3e-05,2026-07-09,Low
GRID_0961,3e-05,2026-07-09,Low
GRID_0962,3e-05,2026-07-09,Low
GRID_0963,3e-05,2026-07-09,Low
GRID_0964,3e-05,2026-07-09,Low
GRID_0965,3e-05,2026-07-09,Low
GRID_0966,3e-05,2026-07-09,Low
GRID_0967,3e-05,2026-07-09,Low
GRID_0968,3e-05,2026-07-09,Low
GRID_0969,3e-05,2026-07-09,Low
GRID_0970,3e-05,2026-07-09,Low
GRID_0971,3e-05,2026-07-09,Low
GRID_0972,3e-05,2026-07-09,Low
GRID_0973,3e-05,2026-07-09,Low
GRID_0974,3e-05,2026-07-09,Low
GRID_0975,3e-05,2026-07-09,Low
GRID_0976,3e-05,2026-07-09,Low
GRID_0977,3e-05,2026-07-09,Low
GRID_0978,3e-05,2026-07-09,Low
GRID_0979,3e-05,2026-07-09,Low
GRID_0980,3e-05,2026-07-09,Low
GRID_0981,3e-05,2026-07-09,Low
GRID_0982,3e-05,2026-07-09,Low
GRID_0983,3e-05,2026-07-09,Low
GRID_0984,3e-05,2026-07-09,Low
GRID_0985,3e-05,2026-07-09,Low
GRID_0986,3e-05,2026-07-09,Low
GRID_0987,3e-05,2026-07-09,Low
GRID_0988,3e-05,2026-07-09,Low
GRID_0989,3e-05,2026-07-09,Low
GRID_0990,3e-05,2026-07-09,Low
GRID_0991,3e-05,2026-07-09,Low
GRID_0992,3e-05,2026-07-09,Low
GRID_0993,3e-05,2026-07-09,Low
GRID_0994,3e-05,2026-07-09,Low
GRID_0995,3e-05,2026-07-09,Low
GRID_0996,3e-05,2026-07-09,Low
GRID_0997,3e-05,2026-07-09,Low
GRID_0998,3e-05,2026-07-09,Low
GRID_0999,3e-05,2026-07-09,Low
GRID_1000,3e-05,2026-07-09,Low
GRID_1001,3e-05,2026-07-09,Low
GRID_1002,3e-05,2026-07-09,Low
GRID_1003,3e-05,2026-07-09,Low
GRID_1004,3e-05,2026-07-09,Low
GRID_1005,3e-05,2026-07-09,Low
GRID_1006,3e-05,2026-07-09,Low
GRID_1007,3e-05,2026-07-09,Low
GRID_1008,3e-05,2026-07-09,Low
GRID_1009,3e-05,2026-07-09,Low
GRID_1010,3e-05,2026-07-09,Low
GRID_1011,3e-05,2026-07-09,Low
GRID_1012,3e-05,2026-07-09,Low
GRID_1013,3e-05,2026-07-09,Low
GRID_1014,3e-05,2026-07-09,Low
GRID_1015,3e-05,2026-07-09,Low
GRID_1016,3e-05,2026-07-09,Low
GRID_1017,3e-05,2026-07-09,Low
GRID_1018,3e-05,2026-07-09,Low
GRID_1019,3e-05,2026-07-09,Low
GRID_1020,3e-05,2026-07-09,Low
GRID_1021,3e-05,2026-07-09,Low
GRID_1022,3e-05,2026-07-09,Low
GRID_1023,3e-05,2026-07-09,Low
GRID_1024,3e-05,2026-07-09,Low
GRID_1025,3e-05,2026-07-09,Low
GRID_1026,3e-05,2026-07-09,Low
GRID_1027,3e-05,2026-07-09,Low
GRID_1028,3e-05,2026-07-09,Low
GRID_1029,3e-05,2026-07-09,Low
GRID_1030,3e-05,2026-07-09,Low
GRID_1031,3e-05,2026-07-09,Low
GRID_1032,3e-05,2026-07-09,Low
GRID_1033,3e-05,2026-07-09,Low
GRID_1034,3e-05,2026-07-09,Low
GRID_1035,3e-05,2026-07-09,Low
GRID_1036,3e-05,2026-07-09,Low
GRID_1037,3e-05,2026-07-09,Low
GRID_1038,3e-05,2026-07-09,Low
GRID_1039,3e-05,2026-07-09,Low
GRID_1040,3e-05,2026-07-09,Low
GRID_1041,3e-05,2026-07-09,Low
GRID_1042,3e-05,2026-07-09,Low
GRID_1043,3e-05,2026-07-09,Low
GRID_1044,3e-05,2026-07-09,Low
GRID_1045,3e-05,2026-07-09,Low
GRID_1046,3e-05,2026-07-09,Low
GRID_1047,3e-05,2026-07-09,Low
GRID_1048,3e-05,2026-07-09,Low
GRID_1049,3e-05,2026-07-09,Low
GRID_1050,3e-05,2026-07-09,Low
GRID_1051,3e-05,2026-07-09,Low
GRID_1052,3e-05,2026-07-09,Low
GRID_1053,3e-05,2026-07-09,Low
GRID_1054,3e-05,2026-07-09,Low
GRID_1055,3e-05,2026-07-09,Low
GRID_1056,3e-05,2026-07-09,Low
GRID_1057,3e-05,2026-07-09,Low
GRID_1058,3e-05,2026-07-09,Low
GRID_1059,3e-05,2026-07-09,Low
GRID_1060,3e-05,2026-07-09,Low
GRID_1061,3e-05,2026-07-09,Low
GRID_1062,3e-05,2026-07-09,Low
GRID_1063,3e-05,2026-07-09,Low
GRID_1064,3e-05,2026-07-09,Low
GRID_1065,3e-05,2026-07-09,Low
GRID_1066,3e-05,2026-07-09,Low
GRID_1067,3e-05,2026-07-09,Low
GRID_1068,3e-05,2026-07-09,Low
GRID_1069,3e-05,2026-07-09,Low
GRID_1070,3e-05,2026-07-09,Low
GRID_1071,3e-05,2026-07-09,Low
GRID_1072,3e-05,2026-07-09,Low
GRID_1073,3e-05,2026-07-09,Low
GRID_1074,3e-05,2026-07-09,Low
GRID_1075,3e-05,2026-07-09,Low
GRID_1076,3e-05,2026-07-09,Low
GRID_1077,3e-05,2026-07-09,Low
GRID_1078,3e-05,2026-07-09,Low
GRID_1079,3e-05,2026-07-09,Low
GRID_1080,3e-05,2026-07-09,Low
GRID_1081,3e-05,2026-07-09,Low
GRID_1082,3e-05,2026-07-09,Low
GRID_1083,3e-05,2026-07-09,Low
GRID_1084,3e-05,2026-07-09,Low
GRID_1085,3e-05,2026-07-09,Low
GRID_1086,3e-05,2026-07-09,Low
GRID_1087,3e-05,2026-07-09,Low
GRID_1088,3e-05,2026-07-09,Low
GRID_1089,3e-05,2026-07-09,Low
GRID_1090,3e-05,2026-07-09,Low
GRID_1091,3e-05,2026-07-09,Low
GRID_1092,3e-05,2026-07-09,Low
GRID_1093,3e-05,2026-07-09,Low
GRID_1094,3e-05,2026-07-09,Low
GRID_1095,3e-05,2026-07-09,Low
GRID_1096,3e-05,2026-07-09,Low
GRID_1097,3e-05,2026-07-09,Low
GRID_1098,3e-05,2026-07-09,Low
GRID_1099,3e-05,2026-07-09,Low
GRID_1100,3e-05,2026-07-09,Low
GRID_1101,3e-05,2026-07-09,Low
GRID_1102,3e-05,2026-07-09,Low
GRID_1103,3e-05,2026-07-09,Low
GRID_1104,3e-05,2026-07-09,Low
GRID_1105,3e-05,2026-07-09,Low
GRID_1106,3e-05,2026-07-09,Low
GRID_1107,3e-05,2026-07-09,Low
GRID_1108,3e-05,2026-07-09,Low
GRID_1109,3e-05,2026-07-09,Low
GRID_1110,3e-05,2026-07-09,Low
GRID_1111,3e-05,2026-07-09,Low
GRID_1112,3e-05,2026-07-09,Low
GRID_1113,3e-05,2026-07-09,Low
GRID_1114,3e-05,2026-07-09,Low
GRID_1115,3e-05,2026-07-09,Low
GRID_1116,3e-05,2026-07-09,Low
GRID_1117,3e-05,2026-07-09,Low
GRID_1118,3e-05,2026-07-09,Low
GRID_1119,3e-05,2026-07-09,Low
GRID_1120,3e-05,2026-07-09,Low
GRID_1121,3e-05,2026-07-09,Low
GRID_1122,3e-05,2026-07-09,Low
GRID_1123,3e-05,2026-07-09,Low
GRID_1124,3e-05,2026-07-09,Low
GRID_1125,3e-05,2026-07-09,Low
GRID_1126,3e-05,2026-07-09,Low
GRID_1127,3e-05,2026-07-09,Low
GRID_1128,3e-05,2026-07-09,Low
GRID_1129,3e-05,2026-07-09,Low
GRID_1130,3e-05,2026-07-09,Low
GRID_1131,3e-05,2026-07-09,Low
GRID_1132,3e-05,2026-07-09,Low
GRID_1133,3e-05,2026-07-09,Low
GRID_1134,3e-05,2026-07-09,Low
GRID_1135,3e-05,2026-07-09,Low
GRID_1136,3e-05,2026-07-09,Low
GRID_1137,3e-05,2026-07-09,Low
GRID_1138,3e-05,2026-07-09,Low
GRID_1139,3e-05,2026-07-09,Low
GRID_1140,3e-05,2026-07-09,Low
GRID_1141,3e-05,2026-07-09,Low
GRID_1142,3e-05,2026-07-09,Low
GRID_1143,3e-05,2026-07-09,Low
GRID_1144,3e-05,2026-07-09,Low
GRID_1145,3e-05,2026-07-09,Low
GRID_1146,3e-05,2026-07-09,Low
GRID_1147,3e-05,2026-07-09,Low
GRID_1148,3e-05,2026-07-09,Low
GRID_1149,3e-05,2026-07-09,Low
GRID_1150,3e-05,2026-07-09,Low
GRID_1151,3e-05,2026-07-09,Low
GRID_1152,3e-05,2026-07-09,Low
GRID_1153,3e-05,2026-07-09,Low
GRID_1154,3e-05,2026-07-09,Low
GRID_1155,3e-05,2026-07-09,Low
GRID_1156,3e-05,2026-07-09,Low
GRID_1157,3e-05,2026-07-09,Low
GRID_1158,3e-05,2026-07-09,Low
GRID_1159,3e-05,2026-07-09,Low
GRID_1160,3e-05,2026-07-09,Low
GRID_1161,3e-05,2026-07-09,Low
GRID_1162,3e-05,2026-07-09,Low
GRID_1163,3e-05,2026-07-09,Low
GRID_1164,3e-05,2026-07-09,Low
GRID_1165,3e-05,2026-07-09,Low
GRID_1166,3e-05,2026-07-09,Low
GRID_1167,3e-05,2026-07-09,Low
GRID_1168,3e-05,2026-07-09,Low
GRID_1169,3e-05,2026-07-09,Low
GRID_1170,3e-05,2026-07-09,Low
GRID_1171,3e-05,2026-07-09,Low
GRID_1172,3e-05,2026-07-09,Low
GRID_1173,3e-05,2026-07-09,Low
GRID_1174,3e-05,2026-07-09,Low
GRID_1175,3e-05,2026-07-09,Low
GRID_1176,3e-05,2026-07-09,Low
GRID_1177,3e-05,2026-07-09,Low
GRID_1178,3e-05,2026-07-09,Low
GRID_1179,3e-05,2026-07-09,Low
GRID_1180,3e-05,2026-07-09,Low
GRID_1181,3e-05,2026-07-09,Low
GRID_1182,3e-05,2026-07-09,Low
GRID_1183,3e-05,2026-07-09,Low
GRID_1184,3e-05,2026-07-09,Low
GRID_1185,3e-05,2026-07-09,Low
GRID_1186,3e-05,2026-07-09,Low
GRID_1187,3e-05,2026-07-09,Low
GRID_1188,3e-05,2026-07-09,Low
GRID_1189,3e-05,2026-07-09,Low
GRID_1190,3e-05,2026-07-09,Low
GRID_1191,3e-05,2026-07-09,Low
GRID_1192,3e-05,2026-07-09,Low
GRID_1193,3e-05,2026-07-09,Low
GRID_1194,3e-05,2026-07-09,Low
GRID_1195,3e-05,2026-07-09,Low
GRID_1196,3e-05,2026-07-09,Low
GRID_1197,3e-05,2026-07-09,Low
GRID_1198,3e-05,2026-07-09,Low
GRID_1199,3e-05,2026-07-09,Low
GRID_1200,3e-05,2026-07-09,Low
GRID_1201,3e-05,2026-07-09,Low
GRID_1202,3e-05,2026-07-09,Low
GRID_1203,3e-05,2026-07-09,Low
GRID_1204,3e-05,2026-07-09,Low
GRID_1205,3e-05,2026-07-09,Low
GRID_1206,3e-05,2026-07-09,Low
GRID_1207,3e-05,2026-07-09,Low
GRID_1208,3e-05,2026-07-09,Low
GRID_1209,3e-05,2026-07-09,Low
GRID_1210,3e-05,2026-07-09,Low
GRID_1211,3e-05,2026-07-09,Low
GRID_1212,3e-05,2026-07-09,Low
GRID_1213,3e-05,2026-07-09,Low
GRID_1214,3e-05,2026-07-09,Low
GRID_1215,3e-05,2026-07-09,Low
GRID_1216,3e-05,2026-07-09,Low
GRID_1217,3e-05,2026-07-09,Low
GRID_1218,3e-05,2026-07-09,Low
GRID_1219,3e-05,2026-07-09,Low
GRID_1220,3e-05,2026-07-09,Low
GRID_1221,3e-05,2026-07-09,Low
GRID_1222,3e-05,2026-07-09,Low
GRID_1223,3e-05,2026-07-09,Low
GRID_1224,3e-05,2026-07-09,Low
GRID_1225,3e-05,2026-07-09,Low
GRID_1226,3e-05,2026-07-09,Low
GRID_1227,3e-05,2026-07-09,Low
GRID_1228,3e-05,2026-07-09,Low
GRID_1229,3e-05,2026-07-09,Low
GRID_1230,3e-05,2026-07-09,Low
GRID_1231,3e-05,2026-07-09,Low
GRID_1232,3e-05,2026-07-09,Low
GRID_1233,3e-05,2026-07-09,Low
GRID_1234,3e-05,2026-07-09,Low
GRID_1235,3e-05,2026-07-09,Low
GRID_1236,3e-05,2026-07-09,Low
GRID_1237,3e-05,2026-07-09,Low
GRID_1238,3e-05,2026-07-09,Low
GRID_1239,3e-05,2026-07-09,Low
GRID_1240,3e-05,2026-07-09,Low
GRID_1241,3e-05,2026-07-09,Low
GRID_1242,3e-05,2026-07-09,Low
GRID_1243,3e-05,2026-07-09,Low
GRID_1244,3e-05,2026-07-09,Low
GRID_1245,3e-05,2026-07-09,Low
GRID_1246,3e-05,2026-07-09,Low
GRID_1247,3e-05,2026-07-09,Low
GRID_1248,3e-05,2026-07-09,Low
GRID_1249,3e-05,2026-07-09,Low
GRID_1250,3e-05,2026-07-09,Low
GRID_1251,3e-05,2026-07-09,Low
GRID_1252,3e-05,2026-07-09,Low
GRID_1253,3e-05,2026-07-09,Low
GRID_1254,3e-05,2026-07-09,Low
GRID_1255,3e-05,2026-07-09,Low
GRID_1256,3e-05,2026-07-09,Low
GRID_1257,3e-05,2026-07-09,Low
GRID_1258,3e-05,2026-07-09,Low
GRID_1259,3e-05,2026-07-09,Low
GRID_1260,3e-05,2026-07-09,Low
GRID_1261,3e-05,2026-07-09,Low
GRID_1262,3e-05,2026-07-09,Low
GRID_1263,3e-05,2026-07-09,Low
GRID_1264,3e-05,2026-07-09,Low
GRID_1265,3e-05,2026-07-09,Low
GRID_1266,3e-05,2026-07-09,Low
GRID_1267,3e-05,2026-07-09,Low
GRID_1268,3e-05,2026-07-09,Low
GRID_1269,3e-05,2026-07-09,Low
GRID_1270,3e-05,2026-07-09,Low
GRID_1271,3e-05,2026-07-09,Low
GRID_1272,3e-05,2026-07-09,Low
GRID_1273,3e-05,2026-07-09,Low
GRID_1274,3e-05,2026-07-09,Low
GRID_1275,3e-05,2026-07-09,Low
GRID_1276,3e-05,2026-07-09,Low
GRID_1277,3e-05,2026-07-09,Low
GRID_1278,3e-05,2026-07-09,Low
GRID_1279,3e-05,2026-07-09,Low
GRID_1280,3e-05,2026-07-09,Low
GRID_1281,3e-05,2026-07-09,Low
GRID_1282,3e-05,2026-07-09,Low
GRID_1283,3e-05,2026-07-09,Low
GRID_1284,3e-05,2026-07-09,Low
GRID_1285,3e-05,2026-07-09,Low
GRID_1286,3e-05,2026-07-09,Low
GRID_1287,3e-05,2026-07-09,Low
GRID_1288,3e-05,2026-07-09,Low
GRID_1289,3e-05,2026-07-09,Low
GRID_1290,3e-05,2026-07-09,Low
GRID_1291,3e-05,2026-07-09,Low
GRID_1292,3e-05,2026-07-09,Low
GRID_1293,3e-05,2026-07-09,Low
GRID_1294,3e-05,2026-07-09,Low
GRID_1295,3e-05,2026-07-09,Low
GRID_1296,3e-05,2026-07-09,Low
GRID_1297,3e-05,2026-07-09,Low
GRID_1298,3e-05,2026-07-09,Low
GRID_1299,3e-05,2026-07-09,Low
GRID_1300,3e-05,2026-07-09,Low
GRID_1301,3e-05,2026-07-09,Low
GRID_1302,3e-05,2026-07-09,Low
GRID_1303,3e-05,2026-07-09,Low
GRID_1304,3e-05,2026-07-09,Low
GRID_1305,3e-05,2026-07-09,Low
GRID_1306,3e-05,2026-07-09,Low
GRID_1307,3e-05,2026-07-09,Low
GRID_1308,3e-05,2026-07-09,Low
GRID_1309,3e-05,2026-07-09,Low
GRID_1310,3e-05,2026-07-09,Low
GRID_1311,3e-05,2026-07-09,Low
GRID_1312,3e-05,2026-07-09,Low
GRID_1313,3e-05,2026-07-09,Low
GRID_1314,3e-05,2026-07-09,Low
GRID_1315,3e-05,2026-07-09,Low
GRID_1316,3e-05,2026-07-09,Low
GRID_1317,3e-05,2026-07-09,Low
GRID_1318,3e-05,2026-07-09,Low
GRID_1319,3e-05,2026-07-09,Low
GRID_1320,3e-05,2026-07-09,Low
GRID_1321,3e-05,2026-07-09,Low
GRID_1322,3e-05,2026-07-09,Low
GRID_1323,3e-05,2026-07-09,Low
GRID_1324,3e-05,2026-07-09,Low
GRID_1325,3e-05,2026-07-09,Low
GRID_1326,3e-05,2026-07-09,Low
GRID_1327,3e-05,2026-07-09,Low
GRID_1328,3e-05,2026-07-09,Low
GRID_1329,3e-05,2026-07-09,Low
GRID_1330,3e-05,2026-07-09,Low
GRID_1331,3e-05,2026-07-09,Low
GRID_1332,3e-05,2026-07-09,Low
GRID_1333,3e-05,2026-07-09,Low
GRID_1334,3e-05,2026-07-09,Low
GRID_1335,3e-05,2026-07-09,Low
GRID_1336,3e-05,2026-07-09,Low
GRID_1337,3e-05,2026-07-09,Low
GRID_1338,3e-05,2026-07-09,Low
GRID_1339,3e-05,2026-07-09,Low
GRID_1340,3e-05,2026-07-09,Low
GRID_1341,3e-05,2026-07-09,Low
GRID_1342,3e-05,2026-07-09,Low
GRID_1343,3e-05,2026-07-09,Low
GRID_1344,3e-05,2026-07-09,Low
GRID_1345,3e-05,2026-07-09,Low
GRID_1346,3e-05,2026-07-09,Low
GRID_1347,3e-05,2026-07-09,Low
GRID_1348,3e-05,2026-07-09,Low
GRID_1349,3e-05,2026-07-09,Low
GRID_1350,3e-05,2026-07-09,Low
GRID_1351,3e-05,2026-07-09,Low
GRID_1352,3e-05,2026-07-09,Low
GRID_1353,3e-05,2026-07-09,Low
GRID_1354,3e-05,2026-07-09,Low
GRID_1355,3e-05,2026-07-09,Low
GRID_1356,3e-05,2026-07-09,Low
GRID_1357,3e-05,2026-07-09,Low
GRID_1358,3e-05,2026-07-09,Low
GRID_1359,3e-05,2026-07-09,Low
GRID_1360,3e-05,2026-07-09,Low
GRID_1361,3e-05,2026-07-09,Low
GRID_1362,3e-05,2026-07-09,Low
GRID_1363,3e-05,2026-07-09,Low
GRID_1364,3e-05,2026-07-09,Low
GRID_1365,3e-05,2026-07-09,Low
GRID_1366,3e-05,2026-07-09,Low
GRID_1367,3e-05,2026-07-09,Low
GRID_1368,3e-05,2026-07-09,Low
GRID_1369,3e-05,2026-07-09,Low
GRID_1370,3e-05,2026-07-09,Low
GRID_1371,3e-05,2026-07-09,Low
GRID_1372,3e-05,2026-07-09,Low
GRID_1373,3e-05,2026-07-09,Low
GRID_1374,3e-05,2026-07-09,Low
GRID_1375,3e-05,2026-07-09,Low
GRID_1376,3e-05,2026-07-09,Low
GRID_1377,3e-05,2026-07-09,Low
GRID_1378,3e-05,2026-07-09,Low
GRID_1379,3e-05,2026-07-09,Low
GRID_1380,3e-05,2026-07-09,Low
GRID_1381,3e-05,2026-07-09,Low
GRID_1382,3e-05,2026-07-09,Low
GRID_1383,3e-05,2026-07-09,Low
GRID_1384,3e-05,2026-07-09,Low
GRID_1385,3e-05,2026-07-09,Low
GRID_1386,3e-05,2026-07-09,Low
GRID_1387,3e-05,2026-07-09,Low
GRID_1388,3e-05,2026-07-09,Low
GRID_1389,3e-05,2026-07-09,Low
GRID_1390,3e-05,2026-07-09,Low
GRID_1391,3e-05,2026-07-09,Low
GRID_1392,3e-05,2026-07-09,Low
GRID_1393,3e-05,2026-07-09,Low
GRID_1394,3e-05,2026-07-09,Low
GRID_1395,3e-05,2026-07-09,Low
GRID_1396,3e-05,2026-07-09,Low
GRID_1397,3e-05,2026-07-09,Low
GRID_1398,3e-05,2026-07-09,Low
GRID_1399,3e-05,2026-07-09,Low
GRID_1400,3e-05,2026-07-09,Low
GRID_1401,3e-05,2026-07-09,Low
GRID_1402,3e-05,2026-07-09,Low
GRID_1403,3e-05,2026-07-09,Low
GRID_1404,3e-05,2026-07-09,Low
GRID_1405,3e-05,2026-07-09,Low
GRID_1406,3e-05,2026-07-09,Low
GRID_1407,3e-05,2026-07-09,Low
GRID_1408,3e-05,2026-07-09,Low
GRID_1409,3e-05,2026-07-09,Low
GRID_1410,3e-05,2026-07-09,Low
GRID_1411,3e-05,2026-07-09,Low
GRID_1412,3e-05,2026-07-09,Low
GRID_1413,3e-05,2026-07-09,Low
GRID_1414,3e-05,2026-07-09,Low
GRID_1415,3e-05,2026-07-09,Low
GRID_1416,3e-05,2026-07-09,Low
GRID_1417,3e-05,2026-07-09,Low
GRID_1418,3e-05,2026-07-09,Low
GRID_1419,3e-05,2026-07-09,Low
GRID_1420,3e-05,2026-07-09,Low
GRID_1421,3e-05,2026-07-09,Low
GRID_1422,3e-05,2026-07-09,Low
GRID_1423,3e-05,2026-07-09,Low
GRID_1424,3e-05,2026-07-09,Low
GRID_1425,3e-05,2026-07-09,Low
GRID_1426,3e-05,2026-07-09,Low
GRID_1427,3e-05,2026-07-09,Low
GRID_1428,3e-05,2026-07-09,Low
GRID_1429,3e-05,2026-07-09,Low
GRID_1430,3e-05,2026-07-09,Low
GRID_1431,3e-05,2026-07-09,Low
GRID_1432,3e-05,2026-07-09,Low
GRID_1433,3e-05,2026-07-09,Low
GRID_1434,3e-05,2026-07-09,Low
GRID_1435,3e-05,2026-07-09,Low
GRID_1436,3e-05,2026-07-09,Low
GRID_1437,3e-05,2026-07-09,Low
GRID_1438,3e-05,2026-07-09,Low
GRID_1439,3e-05,2026-07-09,Low
GRID_1440,3e-05,2026-07-09,Low
GRID_1441,3e-05,2026-07-09,Low
GRID_1442,3e-05,2026-07-09,Low
GRID_1443,3e-05,2026-07-09,Low
GRID_1444,3e-05,2026-07-09,Low
GRID_1445,3e-05,2026-07-09,Low
GRID_1446,3e-05,2026-07-09,Low
GRID_1447,3e-05,2026-07-09,Low
GRID_1448,3e-05,2026-07-09,Low
GRID_1449,3e-05,2026-07-09,Low
GRID_1450,3e-05,2026-07-09,Low
GRID_1451,3e-05,2026-07-09,Low
GRID_1452,3e-05,2026-07-09,Low
GRID_1453,3e-05,2026-07-09,Low
GRID_1454,3e-05,2026-07-09,Low
GRID_1455,3e-05,2026-07-09,Low
GRID_1456,3e-05,2026-07-09,Low
GRID_1457,3e-05,2026-07-09,Low
GRID_1458,3e-05,2026-07-09,Low
GRID_1459,3e-05,2026-07-09,Low
GRID_1460,3e-05,2026-07-09,Low
GRID_1461,3e-05,2026-07-09,Low
GRID_1462,3e-05,2026-07-09,Low
GRID_1463,3e-05,2026-07-09,Low
GRID_1464,3e-05,2026-07-09,Low
GRID_1465,3e-05,2026-07-09,Low
GRID_1466,3e-05,2026-07-09,Low
GRID_1467,3e-05,2026-07-09,Low
GRID_1468,3e-05,2026-07-09,Low
GRID_1469,3e-05,2026-07-09,Low
GRID_1470,3e-05,2026-07-09,Low
GRID_1471,3e-05,2026-07-09,Low
GRID_1472,3e-05,2026-07-09,Low
GRID_1473,3e-05,2026-07-09,Low
GRID_1474,3e-05,2026-07-09,Low
GRID_1475,3e-05,2026-07-09,Low
GRID_1476,3e-05,2026-07-09,Low
GRID_1477,3e-05,2026-07-09,Low
GRID_1478,3e-05,2026-07-09,Low
GRID_1479,3e-05,2026-07-09,Low
GRID_1480,3e-05,2026-07-09,Low
GRID_1481,3e-05,2026-07-09,Low
GRID_1482,3e-05,2026-07-09,Low
GRID_1483,3e-05,2026-07-09,Low
GRID_1484,3e-05,2026-07-09,Low
GRID_1485,3e-05,2026-07-09,Low
GRID_1486,3e-05,2026-07-09,Low
GRID_1487,3e-05,2026-07-09,Low
GRID_1488,3e-05,2026-07-09,Low
GRID_1489,3e-05,2026-07-09,Low
GRID_1490,3e-05,2026-07-09,Low
GRID_1491,3e-05,2026-07-09,Low
GRID_1492,3e-05,2026-07-09,Low
GRID_1493,3e-05,2026-07-09,Low
GRID_1494,3e-05,2026-07-09,Low
GRID_1495,3e-05,2026-07-09,Low
GRID_1496,3e-05,2026-07-09,Low
GRID_1497,3e-05,2026-07-09,Low
GRID_1498,3e-05,2026-07-09,Low
GRID_1499,3e-05,2026-07-09,Low
GRID_1500,3e-05,2026-07-09,Low
GRID_1501,3e-05,2026-07-09,Low
GRID_1502,3e-05,2026-07-09,Low
GRID_1503,3e-05,2026-07-09,Low
GRID_1504,3e-05,2026-07-09,Low
GRID_1505,3e-05,2026-07-09,Low
GRID_1506,3e-05,2026-07-09,Low
GRID_1507,3e-05,2026-07-09,Low
GRID_1508,3e-05,2026-07-09,Low
GRID_1509,3e-05,2026-07-09,Low
GRID_1510,3e-05,2026-07-09,Low
GRID_1511,3e-05,2026-07-09,Low
GRID_1512,3e-05,2026-07-09,Low
GRID_1513,3e-05,2026-07-09,Low
GRID_1514,3e-05,2026-07-09,Low
GRID_1515,3e-05,2026-07-09,Low
GRID_1516,3e-05,2026-07-09,Low
GRID_1517,3e-05,2026-07-09,Low
GRID_1518,3e-05,2026-07-09,Low
GRID_1519,3e-05,2026-07-09,Low
GRID_1520,3e-05,2026-07-09,Low
GRID_1521,3e-05,2026-07-09,Low
GRID_1522,3e-05,2026-07-09,Low
GRID_1523,3e-05,2026-07-09,Low
GRID_1524,3e-05,2026-07-09,Low
GRID_1525,3e-05,2026-07-09,Low
GRID_1526,3e-05,2026-07-09,Low
GRID_1527,3e-05,2026-07-09,Low
GRID_1528,3e-05,2026-07-09,Low
GRID_1529,3e-05,2026-07-09,Low
GRID_1530,3e-05,2026-07-09,Low
GRID_1531,3e-05,2026-07-09,Low
GRID_1532,3e-05,2026-07-09,Low
GRID_1533,3e-05,2026-07-09,Low
GRID_1534,3e-05,2026-07-09,Low
GRID_1535,3e-05,2026-07-09,Low
GRID_1536,3e-05,2026-07-09,Low
GRID_1537,3e-05,2026-07-09,Low
GRID_1538,3e-05,2026-07-09,Low
GRID_1539,3e-05,2026-07-09,Low
GRID_1540,3e-05,2026-07-09,Low
GRID_1541,3e-05,2026-07-09,Low
GRID_1542,3e-05,2026-07-09,Low
GRID_1543,3e-05,2026-07-09,Low
GRID_1544,3e-05,2026-07-09,Low
GRID_1545,3e-05,2026-07-09,Low
GRID_1546,3e-05,2026-07-09,Low
GRID_1547,3e-05,2026-07-09,Low
GRID_1548,3e-05,2026-07-09,Low
GRID_1549,3e-05,2026-07-09,Low
GRID_1550,3e-05,2026-07-09,Low
GRID_1551,3e-05,2026-07-09,Low
GRID_1552,3e-05,2026-07-09,Low
GRID_1553,3e-05,2026-07-09,Low
GRID_1554,3e-05,2026-07-09,Low
GRID_1555,3e-05,2026-07-09,Low
GRID_1556,3e-05,2026-07-09,Low
GRID_1557,3e-05,2026-07-09,Low
GRID_1558,3e-05,2026-07-09,Low
GRID_1559,3e-05,2026-07-09,Low
GRID_1560,3e-05,2026-07-09,Low
GRID_1561,3e-05,2026-07-09,Low
GRID_1562,3e-05,2026-07-09,Low
GRID_1563,3e-05,2026-07-09,Low
GRID_1564,3e-05,2026-07-09,Low
GRID_1565,3e-05,2026-07-09,Low
GRID_1566,3e-05,2026-07-09,Low
GRID_1567,3e-05,2026-07-09,Low
GRID_1568,3e-05,2026-07-09,Low
GRID_1569,3e-05,2026-07-09,Low
GRID_1570,3e-05,2026-07-09,Low
GRID_1571,3e-05,2026-07-09,Low
GRID_1572,3e-05,2026-07-09,Low
GRID_1573,3e-05,2026-07-09,Low
GRID_1574,3e-05,2026-07-09,Low
GRID_1575,3e-05,2026-07-09,Low
GRID_1576,3e-05,2026-07-09,Low
GRID_1577,3e-05,2026-07-09,Low
GRID_1578,3e-05,2026-07-09,Low
GRID_1579,3e-05,2026-07-09,Low
GRID_1580,3e-05,2026-07-09,Low
GRID_1581,3e-05,2026-07-09,Low
GRID_1582,3e-05,2026-07-09,Low
GRID_1583,3e-05,2026-07-09,Low
GRID_1584,3e-05,2026-07-09,Low
GRID_1585,3e-05,2026-07-09,Low
GRID_1586,3e-05,2026-07-09,Low
GRID_1587,3e-05,2026-07-09,Low
GRID_1588,3e-05,2026-07-09,Low
GRID_1589,3e-05,2026-07-09,Low
GRID_1590,3e-05,2026-07-09,Low
GRID_1591,3e-05,2026-07-09,Low
GRID_1592,3e-05,2026-07-09,Low
GRID_1593,3e-05,2026-07-09,Low
GRID_1594,3e-05,2026-07-09,Low
GRID_1595,3e-05,2026-07-09,Low
GRID_1596,3e-05,2026-07-09,Low
GRID_1597,3e-05,2026-07-09,Low
GRID_1598,3e-05,2026-07-09,Low
GRID_1599,3e-05,2026-07-09,Low
GRID_1600,3e-05,2026-07-09,Low
GRID_1601,3e-05,2026-07-09,Low
GRID_1602,3e-05,2026-07-09,Low
GRID_1603,3e-05,2026-07-09,Low
GRID_1604,3e-05,2026-07-09,Low
GRID_1605,3e-05,2026-07-09,Low
GRID_1606,3e-05,2026-07-09,Low
GRID_1607,3e-05,2026-07-09,Low
GRID_1608,3e-05,2026-07-09,Low
GRID_1609,3e-05,2026-07-09,Low
GRID_1610,3e-05,2026-07-09,Low
GRID_1611,3e-05,2026-07-09,Low
GRID_1612,3e-05,2026-07-09,Low
GRID_1613,3e-05,2026-07-09,Low
GRID_1614,3e-05,2026-07-09,Low
GRID_1615,3e-05,2026-07-09,Low
GRID_1616,3e-05,2026-07-09,Low
GRID_1617,3e-05,2026-07-09,Low
GRID_1618,3e-05,2026-07-09,Low
GRID_1619,3e-05,2026-07-09,Low
GRID_1620,3e-05,2026-07-09,Low
GRID_1621,3e-05,2026-07-09,Low
GRID_1622,3e-05,2026-07-09,Low
GRID_1623,3e-05,2026-07-09,Low
GRID_1624,3e-05,2026-07-09,Low
GRID_1625,3e-05,2026-07-09,Low
GRID_1626,3e-05,2026-07-09,Low
GRID_1627,3e-05,2026-07-09,Low
GRID_1628,3e-05,2026-07-09,Low
GRID_1629,3e-05,2026-07-09,Low
GRID_1630,3e-05,2026-07-09,Low
GRID_1631,3e-05,2026-07-09,Low
GRID_1632,3e-05,2026-07-09,Low
GRID_1633,3e-05,2026-07-09,Low
GRID_1634,3e-05,2026-07-09,Low
GRID_1635,3e-05,2026-07-09,Low
GRID_1636,3e-05,2026-07-09,Low
GRID_1637,3e-05,2026-07-09,Low
GRID_1638,3e-05,2026-07-09,Low
GRID_1639,3e-05,2026-07-09,Low
GRID_1640,3e-05,2026-07-09,Low
GRID_1641,3e-05,2026-07-09,Low
GRID_1642,3e-05,2026-07-09,Low
GRID_1643,3e-05,2026-07-09,Low
GRID_1644,3e-05,2026-07-09,Low
GRID_1645,3e-05,2026-07-09,Low
GRID_1646,3e-05,2026-07-09,Low
GRID_1647,3e-05,2026-07-09,Low
GRID_1648,3e-05,2026-07-09,Low
GRID_1649,3e-05,2026-07-09,Low
GRID_1650,3e-05,2026-07-09,Low
GRID_1651,3e-05,2026-07-09,Low
GRID_1652,3e-05,2026-07-09,Low
GRID_1653,3e-05,2026-07-09,Low
GRID_1654,3e-05,2026-07-09,Low
GRID_1655,3e-05,2026-07-09,Low
GRID_1656,3e-05,2026-07-09,Low
GRID_1657,3e-05,2026-07-09,Low
GRID_1658,3e-05,2026-07-09,Low
GRID_1659,3e-05,2026-07-09,Low
GRID_1660,3e-05,2026-07-09,Low
GRID_1661,3e-05,2026-07-09,Low
GRID_1662,3e-05,2026-07-09,Low
GRID_1663,3e-05,2026-07-09,Low
GRID_1664,3e-05,2026-07-09,Low
GRID_1665,3e-05,2026-07-09,Low
GRID_1666,3e-05,2026-07-09,Low
GRID_1667,3e-05,2026-07-09,Low
GRID_1668,3e-05,2026-07-09,Low
GRID_1669,3e-05,2026-07-09,Low
GRID_1670,3e-05,2026-07-09,Low
GRID_1671,3e-05,2026-07-09,Low
GRID_1672,3e-05,2026-07-09,Low
GRID_1673,3e-05,2026-07-09,Low
GRID_1674,3e-05,2026-07-09,Low
GRID_1675,3e-05,2026-07-09,Low
GRID_1676,3e-05,2026-07-09,Low
GRID_1677,3e-05,2026-07-09,Low
GRID_1678,3e-05,2026-07-09,Low
GRID_1679,3e-05,2026-07-09,Low
GRID_1680,3e-05,2026-07-09,Low
GRID_1681,3e-05,2026-07-09,Low
GRID_1682,3e-05,2026-07-09,Low
GRID_1683,3e-05,2026-07-09,Low
GRID_1684,3e-05,2026-07-09,Low
GRID_1685,3e-05,2026-07-09,Low
GRID_1686,3e-05,2026-07-09,Low
GRID_1687,3e-05,2026-07-09,Low
GRID_1688,3e-05,2026-07-09,Low
GRID_1689,3e-05,2026-07-09,Low
GRID_1690,3e-05,2026-07-09,Low
GRID_1691,3e-05,2026-07-09,Low
GRID_1692,3e-05,2026-07-09,Low
GRID_1693,3e-05,2026-07-09,Low
GRID_1694,3e-05,2026-07-09,Low
GRID_1695,3e-05,2026-07-09,Low
GRID_1696,3e-05,2026-07-09,Low
GRID_1697,3e-05,2026-07-09,Low
GRID_1698,3e-05,2026-07-09,Low
GRID_1699,3e-05,2026-07-09,Low
GRID_1700,3e-05,2026-07-09,Low
GRID_1701,3e-05,2026-07-09,Low
GRID_1702,3e-05,2026-07-09,Low
GRID_1703,3e-05,2026-07-09,Low
GRID_1704,3e-05,2026-07-09,Low
GRID_1705,3e-05,2026-07-09,Low
GRID_1706,3e-05,2026-07-09,Low
GRID_1707,3e-05,2026-07-09,Low
GRID_1708,3e-05,2026-07-09,Low
GRID_1709,3e-05,2026-07-09,Low
GRID_1710,3e-05,2026-07-09,Low
GRID_1711,3e-05,2026-07-09,Low
GRID_1712,3e-05,2026-07-09,Low
GRID_1713,3e-05,2026-07-09,Low
GRID_1714,3e-05,2026-07-09,Low
GRID_1715,3e-05,2026-07-09,Low
GRID_1716,3e-05,2026-07-09,Low
GRID_1717,3e-05,2026-07-09,Low
GRID_1718,3e-05,2026-07-09,Low
GRID_1719,3e-05,2026-07-09,Low
GRID_1720,3e-05,2026-07-09,Low
GRID_1721,3e-05,2026-07-09,Low
GRID_1722,3e-05,2026-07-09,Low
GRID_1723,3e-05,2026-07-09,Low
GRID_1724,3e-05,2026-07-09,Low
GRID_1725,3e-05,2026-07-09,Low
GRID_1726,3e-05,2026-07-09,Low
GRID_1727,3e-05,2026-07-09,Low
GRID_1728,3e-05,2026-07-09,Low
GRID_1729,3e-05,2026-07-09,Low
GRID_1730,3e-05,2026-07-09,Low
GRID_1731,3e-05,2026-07-09,Low
GRID_1732,3e-05,2026-07-09,Low
GRID_1733,3e-05,2026-07-09,Low
GRID_1734,3e-05,2026-07-09,Low
GRID_1735,3e-05,2026-07-09,Low
GRID_1736,3e-05,2026-07-09,Low
GRID_1737,3e-05,2026-07-09,Low
GRID_1738,3e-05,2026-07-09,Low
GRID_1739,3e-05,2026-07-09,Low
GRID_1740,3e-05,2026-07-09,Low
GRID_1741,3e-05,2026-07-09,Low
GRID_1742,3e-05,2026-07-09,Low
GRID_1743,3e-05,2026-07-09,Low
GRID_1744,3e-05,2026-07-09,Low
GRID_1745,3e-05,2026-07-09,Low
GRID_1746,3e-05,2026-07-09,Low
GRID_1747,3e-05,2026-07-09,Low
GRID_1748,3e-05,2026-07-09,Low
GRID_1749,3e-05,2026-07-09,Low
GRID_1750,3e-05,2026-07-09,Low
GRID_1751,3e-05,2026-07-09,Low
GRID_1752,3e-05,2026-07-09,Low
GRID_1753,3e-05,2026-07-09,Low
GRID_1754,3e-05,2026-07-09,Low
GRID_1755,3e-05,2026-07-09,Low
GRID_1756,3e-05,2026-07-09,Low
GRID_1757,3e-05,2026-07-09,Low
GRID_1758,3e-05,2026-07-09,Low
GRID_1759,3e-05,2026-07-09,Low
GRID_1760,3e-05,2026-07-09,Low
GRID_1761,3e-05,2026-07-09,Low
GRID_1762,3e-05,2026-07-09,Low
GRID_1763,3e-05,2026-07-09,Low
GRID_1764,3e-05,2026-07-09,Low
GRID_1765,3e-05,2026-07-09,Low
GRID_1766,3e-05,2026-07-09,Low
GRID_1767,3e-05,2026-07-09,Low
GRID_1768,3e-05,2026-07-09,Low
GRID_1769,3e-05,2026-07-09,Low
GRID_1770,3e-05,2026-07-09,Low
GRID_1771,3e-05,2026-07-09,Low
GRID_1772,3e-05,2026-07-09,Low
GRID_1773,3e-05,2026-07-09,Low
GRID_1774,3e-05,2026-07-09,Low
GRID_1775,3e-05,2026-07-09,Low
GRID_1776,3e-05,2026-07-09,Low
GRID_1777,3e-05,2026-07-09,Low
GRID_1778,3e-05,2026-07-09,Low
GRID_1779,3e-05,2026-07-09,Low
GRID_1780,3e-05,2026-07-09,Low
GRID_1781,3e-05,2026-07-09,Low
GRID_1782,3e-05,2026-07-09,Low
GRID_1783,3e-05,2026-07-09,Low
GRID_1784,3e-05,2026-07-09,Low
GRID_1785,3e-05,2026-07-09,Low
GRID_1786,3e-05,2026-07-09,Low
GRID_1787,3e-05,2026-07-09,Low
GRID_1788,3e-05,2026-07-09,Low
GRID_1789,3e-05,2026-07-09,Low
GRID_1790,3e-05,2026-07-09,Low
GRID_1791,3e-05,2026-07-09,Low
GRID_1792,3e-05,2026-07-09,Low
GRID_1793,3e-05,2026-07-09,Low
GRID_1794,3e-05,2026-07-09,Low
GRID_1795,3e-05,2026-07-09,Low
GRID_1796,3e-05,2026-07-09,Low
GRID_1797,3e-05,2026-07-09,Low
GRID_1798,3e-05,2026-07-09,Low
GRID_1799,3e-05,2026-07-09,Low
GRID_1800,3e-05,2026-07-09,Low
GRID_1801,3e-05,2026-07-09,Low
GRID_1802,3e-05,2026-07-09,Low
GRID_1803,3e-05,2026-07-09,Low
GRID_1804,3e-05,2026-07-09,Low
GRID_1805,3e-05,2026-07-09,Low
GRID_1806,3e-05,2026-07-09,Low
GRID_1807,3e-05,2026-07-09,Low
GRID_1808,3e-05,2026-07-09,Low
GRID_1809,3e-05,2026-07-09,Low
GRID_1810,3e-05,2026-07-09,Low
GRID_1811,3e-05,2026-07-09,Low
GRID_1812,3e-05,2026-07-09,Low
GRID_1813,3e-05,2026-07-09,Low
GRID_1814,3e-05,2026-07-09,Low
GRID_1815,3e-05,2026-07-09,Low
GRID_1816,3e-05,2026-07-09,Low
GRID_1817,3e-05,2026-07-09,Low
GRID_1818,3e-05,2026-07-09,Low
GRID_1819,3e-05,2026-07-09,Low
GRID_1820,3e-05,2026-07-09,Low
GRID_1821,3e-05,2026-07-09,Low
GRID_1822,3e-05,2026-07-09,Low
GRID_1823,3e-05,2026-07-09,Low
GRID_1824,3e-05,2026-07-09,Low
GRID_1825,3e-05,2026-07-09,Low
GRID_1826,3e-05,2026-07-09,Low
GRID_1827,3e-05,2026-07-09,Low
GRID_1828,3e-05,2026-07-09,Low
GRID_1829,3e-05,2026-07-09,Low
GRID_1830,3e-05,2026-07-09,Low
GRID_1831,3e-05,2026-07-09,Low
GRID_1832,3e-05,2026-07-09,Low
GRID_1833,3e-05,2026-07-09,Low
GRID_1834,3e-05,2026-07-09,Low
GRID_1835,3e-05,2026-07-09,Low
GRID_1836,3e-05,2026-07-09,Low
GRID_1837,3e-05,2026-07-09,Low
GRID_1838,3e-05,2026-07-09,Low
GRID_1839,3e-05,2026-07-09,Low
GRID_1840,3e-05,2026-07-09,Low
GRID_1841,3e-05,2026-07-09,Low
GRID_1842,3e-05,2026-07-09,Low
GRID_1843,3e-05,2026-07-09,Low
GRID_1844,3e-05,2026-07-09,Low
GRID_1845,3e-05,2026-07-09,Low
GRID_1846,3e-05,2026-07-09,Low
GRID_1847,3e-05,2026-07-09,Low
GRID_1848,3e-05,2026-07-09,Low
GRID_1849,3e-05,2026-07-09,Low
GRID_1850,3e-05,2026-07-09,Low
GRID_1851,3e-05,2026-07-09,Low
GRID_1852,3e-05,2026-07-09,Low
GRID_1853,3e-05,2026-07-09,Low
GRID_1854,3e-05,2026-07-09,Low
GRID_1855,3e-05,2026-07-09,Low
GRID_1856,3e-05,2026-07-09,Low
GRID_1857,3e-05,2026-07-09,Low
GRID_1858,3e-05,2026-07-09,Low
GRID_1859,3e-05,2026-07-09,Low
GRID_1860,3e-05,2026-07-09,Low
GRID_1861,3e-05,2026-07-09,Low
GRID_1862,3e-05,2026-07-09,Low
GRID_1863,3e-05,2026-07-09,Low
GRID_1864,3e-05,2026-07-09,Low
GRID_1865,3e-05,2026-07-09,Low
GRID_1866,3e-05,2026-07-09,Low
GRID_1867,3e-05,2026-07-09,Low
GRID_1868,3e-05,2026-07-09,Low
GRID_1869,3e-05,2026-07-09,Low
GRID_1870,3e-05,2026-07-09,Low
GRID_1871,3e-05,2026-07-09,Low
GRID_1872,3e-05,2026-07-09,Low
GRID_1873,3e-05,2026-07-09,Low
GRID_1874,3e-05,2026-07-09,Low
GRID_1875,3e-05,2026-07-09,Low
GRID_1876,3e-05,2026-07-09,Low
GRID_1877,3e-05,2026-07-09,Low
GRID_1878,3e-05,2026-07-09,Low
GRID_1879,3e-05,2026-07-09,Low
GRID_1880,3e-05,2026-07-09,Low
GRID_1881,3e-05,2026-07-09,Low
GRID_1882,3e-05,2026-07-09,Low
GRID_1883,3e-05,2026-07-09,Low
GRID_1884,3e-05,2026-07-09,Low
GRID_1885,3e-05,2026-07-09,Low
GRID_1886,3e-05,2026-07-09,Low
GRID_1887,3e-05,2026-07-09,Low
GRID_1888,3e-05,2026-07-09,Low
GRID_1889,3e-05,2026-07-09,Low
GRID_1890,3e-05,2026-07-09,Low
GRID_1891,3e-05,2026-07-09,Low
GRID_1892,3e-05,2026-07-09,Low
GRID_1893,3e-05,2026-07-09,Low
GRID_1894,3e-05,2026-07-09,Low
GRID_1895,3e-05,2026-07-09,Low
GRID_1896,3e-05,2026-07-09,Low
GRID_1897,3e-05,2026-07-09,Low
GRID_1898,3e-05,2026-07-09,Low
GRID_1899,3e-05,2026-07-09,Low
GRID_1900,3e-05,2026-07-09,Low
GRID_1901,3e-05,2026-07-09,Low
GRID_1902,3e-05,2026-07-09,Low
GRID_1903,3e-05,2026-07-09,Low
GRID_1904,3e-05,2026-07-09,Low
GRID_1905,3e-05,2026-07-09,Low
GRID_1906,3e-05,2026-07-09,Low
GRID_1907,3e-05,2026-07-09,Low
GRID_1908,3e-05,2026-07-09,Low
GRID_1909,3e-05,2026-07-09,Low
GRID_1910,3e-05,2026-07-09,Low
GRID_1911,3e-05,2026-07-09,Low
GRID_1912,3e-05,2026-07-09,Low
GRID_1913,3e-05,2026-07-09,Low
GRID_1914,3e-05,2026-07-09,Low
GRID_1915,3e-05,2026-07-09,Low
GRID_1916,3e-05,2026-07-09,Low
GRID_1917,3e-05,2026-07-09,Low
GRID_1918,3e-05,2026-07-09,Low
GRID_1919,3e-05,2026-07-09,Low
GRID_1920,3e-05,2026-07-09,Low
GRID_1921,3e-05,2026-07-09,Low
GRID_1922,3e-05,2026-07-09,Low
GRID_1923,3e-05,2026-07-09,Low
GRID_1924,3e-05,2026-07-09,Low
GRID_1925,3e-05,2026-07-09,Low
GRID_1926,3e-05,2026-07-09,Low
GRID_1927,3e-05,2026-07-09,Low
GRID_1928,3e-05,2026-07-09,Low
GRID_1929,3e-05,2026-07-09,Low
GRID_1930,3e-05,2026-07-09,Low
GRID_1931,3e-05,2026-07-09,Low
GRID_1932,3e-05,2026-07-09,Low
GRID_1933,3e-05,2026-07-09,Low
GRID_1934,3e-05,2026-07-09,Low
GRID_1935,3e-05,2026-07-09,Low
GRID_1936,3e-05,2026-07-09,Low
GRID_1937,3e-05,2026-07-09,Low
GRID_1938,3e-05,2026-07-09,Low
GRID_1939,3e-05,2026-07-09,Low
GRID_1940,3e-05,2026-07-09,Low
GRID_1941,3e-05,2026-07-09,Low
GRID_1942,3e-05,2026-07-09,Low
GRID_1943,3e-05,2026-07-09,Low
GRID_1944,3e-05,2026-07-09,Low
GRID_1945,3e-05,2026-07-09,Low
GRID_1946,3e-05,2026-07-09,Low
GRID_1947,3e-05,2026-07-09,Low
GRID_1948,3e-05,2026-07-09,Low
GRID_1949,3e-05,2026-07-09,Low
GRID_1950,3e-05,2026-07-09,Low
GRID_1951,3e-05,2026-07-09,Low
GRID_1952,3e-05,2026-07-09,Low
GRID_1953,3e-05,2026-07-09,Low
GRID_1954,3e-05,2026-07-09,Low
GRID_1955,3e-05,2026-07-09,Low
GRID_1956,3e-05,2026-07-09,Low
GRID_1957,3e-05,2026-07-09,Low
GRID_1958,3e-05,2026-07-09,Low
GRID_1959,3e-05,2026-07-09,Low
GRID_1960,3e-05,2026-07-09,Low
GRID_1961,3e-05,2026-07-09,Low
GRID_1962,3e-05,2026-07-09,Low
GRID_1963,3e-05,2026-07-09,Low
GRID_1964,3e-05,2026-07-09,Low
GRID_1965,3e-05,2026-07-09,Low
GRID_1966,3e-05,2026-07-09,Low
GRID_1967,3e-05,2026-07-09,Low
GRID_1968,3e-05,2026-07-09,Low
GRID_1969,3e-05,2026-07-09,Low
GRID_1970,3e-05,2026-07-09,Low
GRID_1971,3e-05,2026-07-09,Low
GRID_1972,3e-05,2026-07-09,Low
GRID_1973,3e-05,2026-07-09,Low
GRID_1974,3e-05,2026-07-09,Low
GRID_1975,3e-05,2026-07-09,Low
GRID_1976,3e-05,2026-07-09,Low
GRID_1977,3e-05,2026-07-09,Low
GRID_1978,3e-05,2026-07-09,Low
GRID_1979,3e-05,2026-07-09,Low
GRID_1980,3e-05,2026-07-09,Low
GRID_1981,3e-05,2026-07-09,Low
GRID_1982,3e-05,2026-07-09,Low
GRID_1983,3e-05,2026-07-09,Low
GRID_1984,3e-05,2026-07-09,Low
GRID_1985,3e-05,2026-07-09,Low
GRID_1986,3e-05,2026-07-09,Low
GRID_1987,3e-05,2026-07-09,Low
GRID_1988,3e-05,2026-07-09,Low
GRID_1989,3e-05,2026-07-09,Low
GRID_1990,3e-05,2026-07-09,Low
GRID_1991,3e-05,2026-07-09,Low
GRID_1992,3e-05,2026-07-09,Low
GRID_1993,3e-05,2026-07-09,Low
GRID_1994,3e-05,2026-07-09,Low
GRID_1995,3e-05,2026-07-09,Low
GRID_1996,3e-05,2026-07-09,Low
GRID_1997,3e-05,2026-07-09,Low
GRID_1998,3e-05,2026-07-09,Low
GRID_1999,3e-05,2026-07-09,Low
GRID_2000,3e-05,2026-07-09,Low
GRID_2001,3e-05,2026-07-09,Low
GRID_2002,3e-05,2026-07-09,Low
GRID_2003,3e-05,2026-07-09,Low
GRID_2004,3e-05,2026-07-09,Low
GRID_2005,3e-05,2026-07-09,Low
GRID_2006,3e-05,2026-07-09,Low
GRID_2007,3e-05,2026-07-09,Low
GRID_2008,3e-05,2026-07-09,Low
GRID_2009,3e-05,2026-07-09,Low
GRID_2010,3e-05,2026-07-09,Low
GRID_2011,3e-05,2026-07-09,Low
GRID_2012,3e-05,2026-07-09,Low
GRID_2013,3e-05,2026-07-09,Low
GRID_2014,3e-05,2026-07-09,Low
GRID_2015,3e-05,2026-07-09,Low
GRID_2016,3e-05,2026-07-09,Low
GRID_2017,3e-05,2026-07-09,Low
GRID_2018,3e-05,2026-07-09,Low
GRID_2019,3e-05,2026-07-09,Low
GRID_2020,3e-05,2026-07-09,Low
GRID_2021,3e-05,2026-07-09,Low
GRID_2022,3e-05,2026-07-09,Low
GRID_2023,3e-05,2026-07-09,Low
GRID_2024,3e-05,2026-07-09,Low
GRID_2025,3e-05,2026-07-09,Low
GRID_2026,3e-05,2026-07-09,Low
GRID_2027,3e-05,2026-07-09,Low
GRID_2028,3e-05,2026-07-09,Low
GRID_2029,3e-05,2026-07-09,Low
GRID_2030,3e-05,2026-07-09,Low
GRID_2031,3e-05,2026-07-09,Low
GRID_2032,3e-05,2026-07-09,Low
GRID_2033,3e-05,2026-07-09,Low
GRID_2034,3e-05,2026-07-09,Low
GRID_2035,3e-05,2026-07-09,Low
GRID_2036,3e-05,2026-07-09,Low
GRID_2037,3e-05,2026-07-09,Low
GRID_2038,3e-05,2026-07-09,Low
GRID_2039,3e-05,2026-07-09,Low
GRID_2040,3e-05,2026-07-09,Low
GRID_2041,3e-05,2026-07-09,Low
GRID_2042,3e-05,2026-07-09,Low
GRID_2043,3e-05,2026-07-09,Low
GRID_2044,3e-05,2026-07-09,Low
GRID_2045,3e-05,2026-07-09,Low
GRID_2046,3e-05,2026-07-09,Low
GRID_2047,3e-05,2026-07-09,Low
GRID_2048,3e-05,2026-07-09,Low
GRID_2049,3e-05,2026-07-09,Low
GRID_2050,3e-05,2026-07-09,Low
GRID_2051,3e-05,2026-07-09,Low
GRID_2052,3e-05,2026-07-09,Low
GRID_2053,3e-05,2026-07-09,Low
GRID_2054,3e-05,2026-07-09,Low
GRID_2055,3e-05,2026-07-09,Low
GRID_2056,3e-05,2026-07-09,Low
GRID_2057,3e-05,2026-07-09,Low
GRID_2058,3e-05,2026-07-09,Low
GRID_2059,3e-05,2026-07-09,Low
GRID_2060,3e-05,2026-07-09,Low
GRID_2061,3e-05,2026-07-09,Low
GRID_2062,3e-05,2026-07-09,Low
GRID_2063,3e-05,2026-07-09,Low
GRID_2064,3e-05,2026-07-09,Low
GRID_2065,3e-05,2026-07-09,Low
GRID_2066,3e-05,2026-07-09,Low
GRID_2067,3e-05,2026-07-09,Low
